hour,LINK_Price,DPI_Price,UNI_Price
2024-11-01 00:00:00+00:00,11.4,78.08,7.65
2024-11-01 01:00:00+00:00,11.41,78.03,7.6
2024-11-01 02:00:00+00:00,11.41,77.49,7.66
2024-11-01 03:00:00+00:00,11.36,77.54,7.65
2024-11-01 04:00:00+00:00,11.37,77.98,7.73
2024-11-01 05:00:00+00:00,11.44,78.47,7.72
2024-11-01 06:00:00+00:00,11.47,78.8,7.77
2024-11-01 07:00:00+00:00,11.42,78.73,7.76
2024-11-01 08:00:00+00:00,11.34,78.52,7.75
2024-11-01 09:00:00+00:00,11.32,77.87,7.72
2024-11-01 10:00:00+00:00,11.32,78.15,7.8
2024-11-01 11:00:00+00:00,11.34,78.35,7.79
2024-11-01 12:00:00+00:00,11.31,78.58,7.79
2024-11-01 13:00:00+00:00,11.33,78.5,7.78
2024-11-01 14:00:00+00:00,11.4,76.74,7.93
2024-11-01 15:00:00+00:00,11.66,80.5,7.94
2024-11-01 16:00:00+00:00,11.6,79.63,7.97
2024-11-01 17:00:00+00:00,11.3,78.36,7.79
2024-11-01 18:00:00+00:00,11.46,76.38,7.79
2024-11-01 19:00:00+00:00,11.32,78.84,7.73
2024-11-01 20:00:00+00:00,11.33,75.85,7.66
2024-11-01 21:00:00+00:00,11.34,75.92,7.59
2024-11-01 22:00:00+00:00,11.23,77.16,7.61
2024-11-01 23:00:00+00:00,11.23,77.2,7.58
2024-11-02 00:00:00+00:00,11.27,77.58,7.54
2024-11-02 01:00:00+00:00,11.26,77.6,7.56
2024-11-02 02:00:00+00:00,11.28,77.6,7.55
2024-11-02 03:00:00+00:00,11.3,77.88,7.66
2024-11-02 04:00:00+00:00,11.35,78.25,7.66
2024-11-02 05:00:00+00:00,11.29,78.05,7.58
2024-11-02 06:00:00+00:00,11.23,75.66,7.55
2024-11-02 07:00:00+00:00,11.29,75.71,7.53
2024-11-02 08:00:00+00:00,11.22,75.7,7.52
2024-11-02 09:00:00+00:00,11.27,77.21,7.49
2024-11-02 10:00:00+00:00,11.18,76.96,7.47
2024-11-02 11:00:00+00:00,11.21,76.69,7.45
2024-11-02 12:00:00+00:00,11.18,76.73,7.44
2024-11-02 13:00:00+00:00,11.18,76.67,7.42
2024-11-02 14:00:00+00:00,11.18,76.13,7.37
2024-11-02 15:00:00+00:00,11.11,75.9,7.34
2024-11-02 16:00:00+00:00,11.12,75.58,7.36
2024-11-02 17:00:00+00:00,11.15,75.54,7.32
2024-11-02 18:00:00+00:00,11.19,75.8,7.39
2024-11-02 19:00:00+00:00,11.11,75.32,7.35
2024-11-02 20:00:00+00:00,11.15,75.39,7.36
2024-11-02 21:00:00+00:00,11.17,75.42,7.4
2024-11-02 22:00:00+00:00,11.25,75.51,7.39
2024-11-02 23:00:00+00:00,11.22,75.53,7.38
2024-11-03 00:00:00+00:00,11.19,75.52,7.34
2024-11-03 01:00:00+00:00,11.17,75.63,7.38
2024-11-03 02:00:00+00:00,11.16,75.55,7.4
2024-11-03 03:00:00+00:00,11.18,75.41,7.35
2024-11-03 04:00:00+00:00,10.92,73.73,7.2
2024-11-03 05:00:00+00:00,11.0,73.85,7.2
2024-11-03 06:00:00+00:00,11.0,73.87,7.21
2024-11-03 07:00:00+00:00,10.95,73.53,7.17
2024-11-03 08:00:00+00:00,11.01,73.68,7.2
2024-11-03 09:00:00+00:00,10.99,73.67,7.14
2024-11-03 10:00:00+00:00,10.99,73.99,7.15
2024-11-03 11:00:00+00:00,10.95,73.37,7.16
2024-11-03 12:00:00+00:00,11.0,73.64,7.19
2024-11-03 13:00:00+00:00,10.92,73.47,7.13
2024-11-03 14:00:00+00:00,10.9,72.91,7.17
2024-11-03 15:00:00+00:00,10.74,72.17,7.03
2024-11-03 16:00:00+00:00,10.58,71.35,6.95
2024-11-03 17:00:00+00:00,10.75,71.87,6.96
2024-11-03 18:00:00+00:00,10.65,71.46,6.95
2024-11-03 19:00:00+00:00,10.71,71.65,6.96
2024-11-03 20:00:00+00:00,10.67,70.72,6.86
2024-11-03 21:00:00+00:00,10.71,71.69,6.97
2024-11-03 22:00:00+00:00,10.79,72.17,7.04
2024-11-03 23:00:00+00:00,10.77,72.66,7.07
2024-11-04 00:00:00+00:00,10.79,72.49,7.07
2024-11-04 01:00:00+00:00,10.76,72.38,7.06
2024-11-04 02:00:00+00:00,10.66,72.1,7.0
2024-11-04 03:00:00+00:00,10.8,73.01,7.08
2024-11-04 04:00:00+00:00,10.83,73.35,7.09
2024-11-04 05:00:00+00:00,10.8,73.01,7.05
2024-11-04 06:00:00+00:00,10.79,72.9,7.01
2024-11-04 07:00:00+00:00,10.72,72.18,6.92
2024-11-04 08:00:00+00:00,10.74,72.48,6.98
2024-11-04 09:00:00+00:00,10.63,71.87,6.9
2024-11-04 10:00:00+00:00,10.58,71.67,6.88
2024-11-04 11:00:00+00:00,10.56,71.55,6.89
2024-11-04 12:00:00+00:00,10.62,71.92,6.92
2024-11-04 13:00:00+00:00,10.63,72.09,6.94
2024-11-04 14:00:00+00:00,10.63,72.16,6.94
2024-11-04 15:00:00+00:00,10.52,73.01,6.91
2024-11-04 16:00:00+00:00,10.44,73.77,6.87
2024-11-04 17:00:00+00:00,10.43,71.37,6.89
2024-11-04 18:00:00+00:00,10.27,70.24,6.78
2024-11-04 19:00:00+00:00,10.31,70.61,6.83
2024-11-04 20:00:00+00:00,10.31,70.67,6.81
2024-11-04 21:00:00+00:00,10.36,70.48,6.83
2024-11-04 22:00:00+00:00,10.3,69.95,6.81
2024-11-04 23:00:00+00:00,10.13,68.66,6.65
2024-11-05 00:00:00+00:00,10.28,69.51,6.74
2024-11-05 01:00:00+00:00,10.25,69.44,6.78
2024-11-05 02:00:00+00:00,10.3,70.01,6.84
2024-11-05 03:00:00+00:00,10.3,69.93,6.84
2024-11-05 04:00:00+00:00,10.3,69.81,6.82
2024-11-05 05:00:00+00:00,10.4,70.32,6.86
2024-11-05 06:00:00+00:00,10.44,71.12,6.88
2024-11-05 07:00:00+00:00,10.5,71.29,6.9
2024-11-05 08:00:00+00:00,10.48,71.08,6.91
2024-11-05 09:00:00+00:00,10.5,71.51,6.94
2024-11-05 10:00:00+00:00,10.54,70.9,6.91
2024-11-05 11:00:00+00:00,10.54,71.14,6.93
2024-11-05 12:00:00+00:00,10.54,70.9,6.93
2024-11-05 13:00:00+00:00,10.59,71.16,6.96
2024-11-05 14:00:00+00:00,10.61,71.31,7.05
2024-11-05 15:00:00+00:00,10.71,71.95,7.02
2024-11-05 16:00:00+00:00,10.77,72.32,7.19
2024-11-05 17:00:00+00:00,10.76,72.35,7.08
2024-11-05 18:00:00+00:00,10.91,73.02,7.22
2024-11-05 19:00:00+00:00,10.89,70.01,7.19
2024-11-05 20:00:00+00:00,10.91,68.82,7.17
2024-11-05 21:00:00+00:00,10.75,70.64,7.07
2024-11-05 22:00:00+00:00,10.81,71.5,7.15
2024-11-05 23:00:00+00:00,10.73,71.76,7.11
2024-11-06 00:00:00+00:00,10.81,72.13,7.14
2024-11-06 01:00:00+00:00,10.9,73.03,7.17
2024-11-06 02:00:00+00:00,11.07,75.09,7.55
2024-11-06 03:00:00+00:00,11.12,75.68,7.67
2024-11-06 04:00:00+00:00,11.49,77.8,7.89
2024-11-06 05:00:00+00:00,11.68,78.76,8.12
2024-11-06 06:00:00+00:00,11.65,80.05,8.47
2024-11-06 07:00:00+00:00,11.79,82.69,8.91
2024-11-06 08:00:00+00:00,11.76,85.24,9.19
2024-11-06 09:00:00+00:00,11.81,85.19,8.85
2024-11-06 10:00:00+00:00,11.77,84.39,8.87
2024-11-06 11:00:00+00:00,11.85,86.65,9.14
2024-11-06 12:00:00+00:00,11.85,86.78,9.06
2024-11-06 13:00:00+00:00,11.85,86.84,9.05
2024-11-06 14:00:00+00:00,11.86,85.96,9.11
2024-11-06 15:00:00+00:00,11.77,87.04,9.09
2024-11-06 16:00:00+00:00,11.7,86.43,9.11
2024-11-06 17:00:00+00:00,11.84,87.68,9.29
2024-11-06 18:00:00+00:00,11.85,81.45,9.33
2024-11-06 19:00:00+00:00,11.88,88.29,9.27
2024-11-06 20:00:00+00:00,11.88,89.04,9.2
2024-11-06 21:00:00+00:00,11.99,89.13,9.27
2024-11-06 22:00:00+00:00,12.03,90.61,9.4
2024-11-06 23:00:00+00:00,12.1,91.32,9.45
2024-11-07 00:00:00+00:00,12.26,93.5,9.58
2024-11-07 01:00:00+00:00,12.16,89.21,9.34
2024-11-07 02:00:00+00:00,12.31,95.67,9.35
2024-11-07 03:00:00+00:00,12.42,95.86,9.37
2024-11-07 04:00:00+00:00,12.62,97.42,9.37
2024-11-07 05:00:00+00:00,12.51,95.9,9.23
2024-11-07 06:00:00+00:00,12.48,95.28,9.16
2024-11-07 07:00:00+00:00,12.41,95.04,9.1
2024-11-07 08:00:00+00:00,12.27,94.07,8.89
2024-11-07 09:00:00+00:00,12.3,94.72,8.93
2024-11-07 10:00:00+00:00,12.37,95.36,8.95
2024-11-07 11:00:00+00:00,12.28,95.11,8.92
2024-11-07 12:00:00+00:00,12.29,95.3,8.95
2024-11-07 13:00:00+00:00,12.29,94.8,8.92
2024-11-07 14:00:00+00:00,12.28,95.22,9.1
2024-11-07 15:00:00+00:00,12.26,93.89,8.96
2024-11-07 16:00:00+00:00,12.23,93.33,8.95
2024-11-07 17:00:00+00:00,12.42,94.86,9.09
2024-11-07 18:00:00+00:00,12.5,95.8,9.14
2024-11-07 19:00:00+00:00,12.49,96.2,9.09
2024-11-07 20:00:00+00:00,12.51,96.56,9.1
2024-11-07 21:00:00+00:00,12.56,96.01,9.05
2024-11-07 22:00:00+00:00,12.61,96.41,9.0
2024-11-07 23:00:00+00:00,12.64,95.98,9.03
2024-11-08 00:00:00+00:00,12.55,95.07,8.91
2024-11-08 01:00:00+00:00,12.61,95.39,8.92
2024-11-08 02:00:00+00:00,12.77,95.32,8.89
2024-11-08 03:00:00+00:00,12.67,95.18,8.91
2024-11-08 04:00:00+00:00,12.58,93.33,8.86
2024-11-08 05:00:00+00:00,12.75,93.24,8.89
2024-11-08 06:00:00+00:00,12.75,95.2,8.89
2024-11-08 07:00:00+00:00,12.82,95.4,8.9
2024-11-08 08:00:00+00:00,12.77,94.98,8.75
2024-11-08 09:00:00+00:00,12.85,93.79,8.72
2024-11-08 10:00:00+00:00,12.76,93.07,8.75
2024-11-08 11:00:00+00:00,12.89,93.49,8.75
2024-11-08 12:00:00+00:00,12.94,93.93,8.76
2024-11-08 13:00:00+00:00,12.98,93.93,8.74
2024-11-08 14:00:00+00:00,13.25,94.75,8.97
2024-11-08 15:00:00+00:00,13.3,95.22,8.9
2024-11-08 16:00:00+00:00,13.19,94.19,8.76
2024-11-08 17:00:00+00:00,13.3,93.71,8.77
2024-11-08 18:00:00+00:00,13.05,93.1,8.71
2024-11-08 19:00:00+00:00,13.29,92.67,8.63
2024-11-08 20:00:00+00:00,13.5,93.64,8.7
2024-11-08 21:00:00+00:00,13.54,93.99,8.74
2024-11-08 22:00:00+00:00,13.44,92.98,8.67
2024-11-08 23:00:00+00:00,13.52,93.56,8.75
2024-11-09 00:00:00+00:00,13.67,93.61,8.75
2024-11-09 01:00:00+00:00,13.73,93.68,8.84
2024-11-09 02:00:00+00:00,13.53,94.9,8.84
2024-11-09 03:00:00+00:00,13.45,94.12,8.78
2024-11-09 04:00:00+00:00,13.36,93.83,8.74
2024-11-09 05:00:00+00:00,13.38,93.05,8.69
2024-11-09 06:00:00+00:00,13.37,94.36,8.78
2024-11-09 07:00:00+00:00,13.66,96.15,9.04
2024-11-09 08:00:00+00:00,13.51,96.81,9.08
2024-11-09 09:00:00+00:00,13.52,96.53,9.05
2024-11-09 10:00:00+00:00,13.48,96.39,9.05
2024-11-09 11:00:00+00:00,13.52,96.81,9.08
2024-11-09 12:00:00+00:00,13.51,96.54,9.08
2024-11-09 13:00:00+00:00,13.61,97.06,9.11
2024-11-09 14:00:00+00:00,13.51,96.05,8.98
2024-11-09 15:00:00+00:00,13.5,96.55,9.04
2024-11-09 16:00:00+00:00,13.46,95.53,8.93
2024-11-09 17:00:00+00:00,13.52,95.83,8.97
2024-11-09 18:00:00+00:00,13.45,95.61,8.94
2024-11-09 19:00:00+00:00,13.42,95.51,8.91
2024-11-09 20:00:00+00:00,13.57,96.04,9.04
2024-11-09 21:00:00+00:00,13.56,95.54,9.1
2024-11-09 22:00:00+00:00,13.56,97.32,9.03
2024-11-09 23:00:00+00:00,13.49,97.54,9.0
2024-11-10 00:00:00+00:00,13.66,99.48,9.2
2024-11-10 01:00:00+00:00,13.73,100.38,9.23
2024-11-10 02:00:00+00:00,13.84,98.59,9.18
2024-11-10 03:00:00+00:00,13.81,97.99,9.08
2024-11-10 04:00:00+00:00,13.99,98.78,9.22
2024-11-10 05:00:00+00:00,13.94,99.55,9.24
2024-11-10 06:00:00+00:00,14.43,102.05,9.5
2024-11-10 07:00:00+00:00,14.43,101.54,9.46
2024-11-10 08:00:00+00:00,14.42,100.02,9.32
2024-11-10 09:00:00+00:00,14.47,100.26,9.25
2024-11-10 10:00:00+00:00,14.46,100.09,9.25
2024-11-10 11:00:00+00:00,14.53,100.19,9.21
2024-11-10 12:00:00+00:00,14.54,100.26,9.21
2024-11-10 13:00:00+00:00,14.57,101.0,9.28
2024-11-10 14:00:00+00:00,14.64,100.04,9.31
2024-11-10 15:00:00+00:00,14.72,100.22,9.43
2024-11-10 16:00:00+00:00,14.5,99.89,9.36
2024-11-10 17:00:00+00:00,14.55,100.31,9.37
2024-11-10 18:00:00+00:00,14.66,103.36,9.42
2024-11-10 19:00:00+00:00,14.68,101.22,9.47
2024-11-10 20:00:00+00:00,14.79,101.11,9.47
2024-11-10 21:00:00+00:00,14.32,98.43,9.19
2024-11-10 22:00:00+00:00,13.99,99.81,8.99
2024-11-10 23:00:00+00:00,14.51,97.29,9.1
2024-11-11 00:00:00+00:00,14.21,97.69,9.18
2024-11-11 01:00:00+00:00,14.35,98.09,9.2
2024-11-11 02:00:00+00:00,14.42,98.43,9.31
2024-11-11 03:00:00+00:00,14.49,98.98,9.39
2024-11-11 04:00:00+00:00,14.53,99.62,9.27
2024-11-11 05:00:00+00:00,14.46,99.82,9.34
2024-11-11 06:00:00+00:00,14.19,98.32,9.24
2024-11-11 07:00:00+00:00,13.8,96.72,8.85
2024-11-11 08:00:00+00:00,13.76,96.88,8.88
2024-11-11 09:00:00+00:00,13.84,96.75,8.94
2024-11-11 10:00:00+00:00,13.89,97.22,8.93
2024-11-11 11:00:00+00:00,13.95,97.83,8.92
2024-11-11 12:00:00+00:00,14.1,98.63,8.96
2024-11-11 13:00:00+00:00,14.14,99.3,9.04
2024-11-11 14:00:00+00:00,14.07,99.67,8.96
2024-11-11 15:00:00+00:00,13.88,98.63,8.9
2024-11-11 16:00:00+00:00,14.3,101.18,8.93
2024-11-11 17:00:00+00:00,14.35,101.39,9.07
2024-11-11 18:00:00+00:00,14.59,101.68,9.14
2024-11-11 19:00:00+00:00,14.69,102.33,9.24
2024-11-11 20:00:00+00:00,14.72,102.47,9.22
2024-11-11 21:00:00+00:00,14.57,101.48,9.11
2024-11-11 22:00:00+00:00,14.82,102.89,9.24
2024-11-11 23:00:00+00:00,14.59,101.61,9.12
2024-11-12 00:00:00+00:00,14.82,100.99,9.08
2024-11-12 01:00:00+00:00,14.87,102.15,9.34
2024-11-12 02:00:00+00:00,14.71,101.03,9.2
2024-11-12 03:00:00+00:00,14.74,100.84,9.2
2024-11-12 04:00:00+00:00,14.62,103.82,10.21
2024-11-12 05:00:00+00:00,14.77,102.39,9.83
2024-11-12 06:00:00+00:00,14.66,101.99,9.75
2024-11-12 07:00:00+00:00,14.64,101.23,9.62
2024-11-12 08:00:00+00:00,14.89,102.37,9.64
2024-11-12 09:00:00+00:00,14.97,101.73,9.72
2024-11-12 10:00:00+00:00,15.09,102.06,9.78
2024-11-12 11:00:00+00:00,14.85,100.17,9.59
2024-11-12 12:00:00+00:00,14.33,95.81,9.13
2024-11-12 13:00:00+00:00,14.22,96.66,9.17
2024-11-12 14:00:00+00:00,14.0,95.41,8.87
2024-11-12 15:00:00+00:00,13.81,94.96,8.87
2024-11-12 16:00:00+00:00,14.05,96.46,9.0
2024-11-12 17:00:00+00:00,14.01,96.71,8.86
2024-11-12 18:00:00+00:00,13.95,95.79,8.88
2024-11-12 19:00:00+00:00,13.99,95.23,8.85
2024-11-12 20:00:00+00:00,14.17,96.54,8.93
2024-11-12 21:00:00+00:00,14.17,96.35,8.92
2024-11-12 22:00:00+00:00,13.98,102.49,8.97
2024-11-12 23:00:00+00:00,14.16,102.82,8.92
2024-11-13 00:00:00+00:00,14.04,97.36,9.09
2024-11-13 01:00:00+00:00,14.07,97.06,9.01
2024-11-13 02:00:00+00:00,13.89,97.15,8.99
2024-11-13 03:00:00+00:00,13.96,102.89,8.92
2024-11-13 04:00:00+00:00,13.7,94.39,8.73
2024-11-13 05:00:00+00:00,13.61,93.49,8.62
2024-11-13 06:00:00+00:00,13.35,90.6,8.41
2024-11-13 07:00:00+00:00,13.29,90.34,8.47
2024-11-13 08:00:00+00:00,13.21,90.4,8.38
2024-11-13 09:00:00+00:00,13.42,95.36,8.47
2024-11-13 10:00:00+00:00,13.42,92.09,8.47
2024-11-13 11:00:00+00:00,13.38,91.91,8.42
2024-11-13 12:00:00+00:00,13.42,92.4,8.48
2024-11-13 13:00:00+00:00,13.46,92.28,8.49
2024-11-13 14:00:00+00:00,13.51,92.27,8.48
2024-11-13 15:00:00+00:00,13.98,94.51,8.72
2024-11-13 16:00:00+00:00,14.28,97.93,9.1
2024-11-13 17:00:00+00:00,14.23,97.3,9.05
2024-11-13 18:00:00+00:00,14.11,95.79,8.95
2024-11-13 19:00:00+00:00,14.1,95.6,8.92
2024-11-13 20:00:00+00:00,14.02,96.03,8.87
2024-11-13 21:00:00+00:00,13.45,92.43,8.52
2024-11-13 22:00:00+00:00,13.18,91.83,8.56
2024-11-13 23:00:00+00:00,13.43,92.17,8.54
2024-11-14 00:00:00+00:00,13.44,93.17,8.59
2024-11-14 01:00:00+00:00,13.46,93.24,8.64
2024-11-14 02:00:00+00:00,13.4,92.37,8.58
2024-11-14 03:00:00+00:00,13.39,93.49,8.59
2024-11-14 04:00:00+00:00,13.32,93.94,8.58
2024-11-14 05:00:00+00:00,13.4,93.66,8.57
2024-11-14 06:00:00+00:00,13.58,94.69,8.66
2024-11-14 07:00:00+00:00,13.65,93.98,8.7
2024-11-14 08:00:00+00:00,13.61,93.92,8.69
2024-11-14 09:00:00+00:00,13.66,94.79,8.73
2024-11-14 10:00:00+00:00,13.53,94.2,8.68
2024-11-14 11:00:00+00:00,13.5,93.57,8.65
2024-11-14 12:00:00+00:00,13.41,93.38,8.57
2024-11-14 13:00:00+00:00,13.31,91.96,8.48
2024-11-14 14:00:00+00:00,13.3,91.95,8.48
2024-11-14 15:00:00+00:00,13.37,91.41,8.45
2024-11-14 16:00:00+00:00,12.96,90.49,8.29
2024-11-14 17:00:00+00:00,12.92,88.89,8.24
2024-11-14 18:00:00+00:00,13.33,90.61,8.44
2024-11-14 19:00:00+00:00,13.32,90.36,8.4
2024-11-14 20:00:00+00:00,13.24,90.19,8.35
2024-11-14 21:00:00+00:00,13.2,89.92,8.47
2024-11-14 22:00:00+00:00,13.22,88.99,8.35
2024-11-14 23:00:00+00:00,13.3,89.7,8.43
2024-11-15 00:00:00+00:00,13.0,89.49,8.4
2024-11-15 01:00:00+00:00,13.08,87.89,8.17
2024-11-15 02:00:00+00:00,13.08,88.55,8.2
2024-11-15 03:00:00+00:00,12.98,87.63,8.17
2024-11-15 04:00:00+00:00,13.05,88.28,8.23
2024-11-15 05:00:00+00:00,13.11,88.56,8.17
2024-11-15 06:00:00+00:00,12.77,85.94,7.9
2024-11-15 07:00:00+00:00,13.06,87.27,8.04
2024-11-15 08:00:00+00:00,13.28,87.7,8.14
2024-11-15 09:00:00+00:00,13.18,87.18,8.09
2024-11-15 10:00:00+00:00,13.34,87.92,8.17
2024-11-15 11:00:00+00:00,13.45,89.6,8.29
2024-11-15 12:00:00+00:00,13.46,89.69,8.29
2024-11-15 13:00:00+00:00,13.5,89.88,8.29
2024-11-15 14:00:00+00:00,13.53,89.51,8.25
2024-11-15 15:00:00+00:00,13.63,89.18,8.3
2024-11-15 16:00:00+00:00,13.48,86.61,8.17
2024-11-15 17:00:00+00:00,13.41,86.86,7.98
2024-11-15 18:00:00+00:00,13.35,87.09,8.14
2024-11-15 19:00:00+00:00,13.33,88.47,8.21
2024-11-15 20:00:00+00:00,13.38,88.14,8.2
2024-11-15 21:00:00+00:00,13.48,88.79,8.3
2024-11-15 22:00:00+00:00,13.76,90.18,8.46
2024-11-15 23:00:00+00:00,13.84,90.41,8.49
2024-11-16 00:00:00+00:00,13.84,90.47,8.54
2024-11-16 01:00:00+00:00,13.82,90.38,8.57
2024-11-16 02:00:00+00:00,13.87,90.26,8.55
2024-11-16 03:00:00+00:00,13.88,90.74,8.62
2024-11-16 04:00:00+00:00,14.01,91.36,8.74
2024-11-16 05:00:00+00:00,14.23,92.81,8.79
2024-11-16 06:00:00+00:00,14.19,92.56,8.74
2024-11-16 07:00:00+00:00,14.12,92.17,8.82
2024-11-16 08:00:00+00:00,14.1,92.19,8.74
2024-11-16 09:00:00+00:00,14.04,91.83,8.8
2024-11-16 10:00:00+00:00,14.1,91.98,8.8
2024-11-16 11:00:00+00:00,14.11,92.07,8.85
2024-11-16 12:00:00+00:00,14.18,92.29,8.86
2024-11-16 13:00:00+00:00,14.35,93.88,9.04
2024-11-16 14:00:00+00:00,14.37,94.72,9.09
2024-11-16 15:00:00+00:00,14.34,94.04,8.95
2024-11-16 16:00:00+00:00,14.33,93.51,8.98
2024-11-16 17:00:00+00:00,14.25,92.47,8.88
2024-11-16 18:00:00+00:00,14.24,93.07,9.05
2024-11-16 19:00:00+00:00,14.45,94.46,9.13
2024-11-16 20:00:00+00:00,14.75,95.17,9.2
2024-11-16 21:00:00+00:00,14.77,94.49,9.17
2024-11-16 22:00:00+00:00,14.65,94.51,9.17
2024-11-16 23:00:00+00:00,14.58,94.41,9.17
2024-11-17 00:00:00+00:00,14.52,94.64,9.15
2024-11-17 01:00:00+00:00,14.52,93.91,9.07
2024-11-17 02:00:00+00:00,14.77,95.53,9.26
2024-11-17 03:00:00+00:00,14.21,91.42,8.94
2024-11-17 04:00:00+00:00,14.06,91.91,8.78
2024-11-17 05:00:00+00:00,14.17,92.71,8.86
2024-11-17 06:00:00+00:00,14.3,94.35,8.98
2024-11-17 07:00:00+00:00,14.26,94.15,8.9
2024-11-17 08:00:00+00:00,14.44,95.11,9.06
2024-11-17 09:00:00+00:00,14.47,95.47,9.07
2024-11-17 10:00:00+00:00,14.51,95.82,9.08
2024-11-17 11:00:00+00:00,14.35,95.28,9.03
2024-11-17 12:00:00+00:00,14.29,95.27,9.01
2024-11-17 13:00:00+00:00,14.1,93.41,8.91
2024-11-17 14:00:00+00:00,14.1,93.74,8.96
2024-11-17 15:00:00+00:00,14.08,92.67,8.9
2024-11-17 16:00:00+00:00,13.98,92.59,8.88
2024-11-17 17:00:00+00:00,13.93,92.6,8.88
2024-11-17 18:00:00+00:00,14.02,92.72,8.92
2024-11-17 19:00:00+00:00,14.08,93.26,8.97
2024-11-17 20:00:00+00:00,13.85,91.95,8.78
2024-11-17 21:00:00+00:00,13.84,91.95,8.81
2024-11-17 22:00:00+00:00,13.76,91.45,8.76
2024-11-17 23:00:00+00:00,13.69,90.89,8.69
2024-11-18 00:00:00+00:00,13.7,90.81,8.66
2024-11-18 01:00:00+00:00,13.76,91.34,8.73
2024-11-18 02:00:00+00:00,14.05,92.66,8.93
2024-11-18 03:00:00+00:00,14.23,93.31,9.01
2024-11-18 04:00:00+00:00,14.21,93.85,9.09
2024-11-18 05:00:00+00:00,14.3,93.72,9.02
2024-11-18 06:00:00+00:00,14.33,93.44,9.06
2024-11-18 07:00:00+00:00,14.56,93.63,9.07
2024-11-18 08:00:00+00:00,14.68,94.51,9.17
2024-11-18 09:00:00+00:00,14.79,94.95,9.23
2024-11-18 10:00:00+00:00,14.77,94.3,9.17
2024-11-18 11:00:00+00:00,14.55,94.32,9.1
2024-11-18 12:00:00+00:00,14.59,94.91,9.27
2024-11-18 13:00:00+00:00,14.35,92.94,8.97
2024-11-18 14:00:00+00:00,14.27,93.55,9.03
2024-11-18 15:00:00+00:00,14.71,92.95,8.94
2024-11-18 16:00:00+00:00,14.65,93.27,9.04
2024-11-18 17:00:00+00:00,15.14,96.21,9.28
2024-11-18 18:00:00+00:00,15.51,96.95,9.23
2024-11-18 19:00:00+00:00,15.36,96.51,9.24
2024-11-18 20:00:00+00:00,14.88,98.01,9.12
2024-11-18 21:00:00+00:00,15.16,93.9,9.02
2024-11-18 22:00:00+00:00,15.05,94.71,9.1
2024-11-18 23:00:00+00:00,15.28,95.95,9.18
2024-11-19 00:00:00+00:00,15.26,95.87,9.22
2024-11-19 01:00:00+00:00,15.2,96.87,9.24
2024-11-19 02:00:00+00:00,15.09,95.92,9.24
2024-11-19 03:00:00+00:00,14.97,95.27,9.21
2024-11-19 04:00:00+00:00,15.03,95.18,9.15
2024-11-19 05:00:00+00:00,15.1,94.38,9.16
2024-11-19 06:00:00+00:00,14.94,94.08,9.16
2024-11-19 07:00:00+00:00,15.01,94.42,9.25
2024-11-19 08:00:00+00:00,14.95,94.41,9.29
2024-11-19 09:00:00+00:00,14.88,94.04,9.18
2024-11-19 10:00:00+00:00,14.88,97.21,9.22
2024-11-19 11:00:00+00:00,14.74,93.6,9.29
2024-11-19 12:00:00+00:00,14.79,93.92,9.44
2024-11-19 13:00:00+00:00,14.95,95.37,9.51
2024-11-19 14:00:00+00:00,14.86,94.37,9.48
2024-11-19 15:00:00+00:00,14.71,93.82,9.24
2024-11-19 16:00:00+00:00,14.77,94.1,9.29
2024-11-19 17:00:00+00:00,14.74,93.68,9.36
2024-11-19 18:00:00+00:00,14.8,94.11,9.44
2024-11-19 19:00:00+00:00,14.69,93.79,9.43
2024-11-19 20:00:00+00:00,14.98,94.47,9.49
2024-11-19 21:00:00+00:00,14.95,94.32,9.43
2024-11-19 22:00:00+00:00,14.67,92.47,9.23
2024-11-19 23:00:00+00:00,14.65,92.73,9.34
2024-11-20 00:00:00+00:00,14.63,92.77,9.24
2024-11-20 01:00:00+00:00,14.66,92.86,9.41
2024-11-20 02:00:00+00:00,14.5,92.61,9.27
2024-11-20 03:00:00+00:00,14.53,91.66,9.17
2024-11-20 04:00:00+00:00,14.4,91.43,9.11
2024-11-20 05:00:00+00:00,14.4,90.83,9.04
2024-11-20 06:00:00+00:00,14.37,90.85,9.1
2024-11-20 07:00:00+00:00,14.57,91.52,9.26
2024-11-20 08:00:00+00:00,14.54,91.82,9.14
2024-11-20 09:00:00+00:00,14.49,91.89,9.12
2024-11-20 10:00:00+00:00,14.69,92.31,9.19
2024-11-20 11:00:00+00:00,14.79,92.61,9.16
2024-11-20 12:00:00+00:00,14.89,92.47,9.1
2024-11-20 13:00:00+00:00,14.75,91.96,9.03
2024-11-20 14:00:00+00:00,14.78,83.98,8.97
2024-11-20 15:00:00+00:00,15.11,84.45,9.02
2024-11-20 16:00:00+00:00,14.97,84.69,9.03
2024-11-20 17:00:00+00:00,15.01,84.15,9.02
2024-11-20 18:00:00+00:00,14.71,83.7,8.8
2024-11-20 19:00:00+00:00,14.52,83.45,8.8
2024-11-20 20:00:00+00:00,14.08,82.83,8.73
2024-11-20 21:00:00+00:00,14.24,82.53,8.7
2024-11-20 22:00:00+00:00,14.39,89.45,8.82
2024-11-20 23:00:00+00:00,14.4,83.44,8.82
2024-11-21 00:00:00+00:00,14.39,89.39,8.84
2024-11-21 01:00:00+00:00,14.38,89.55,8.83
2024-11-21 02:00:00+00:00,14.4,89.86,8.96
2024-11-21 03:00:00+00:00,14.1,90.14,8.89
2024-11-21 04:00:00+00:00,14.12,87.62,8.62
2024-11-21 05:00:00+00:00,14.22,88.83,8.63
2024-11-21 06:00:00+00:00,14.65,90.43,8.81
2024-11-21 07:00:00+00:00,14.5,89.65,8.8
2024-11-21 08:00:00+00:00,14.51,90.33,8.82
2024-11-21 09:00:00+00:00,14.61,90.48,8.86
2024-11-21 10:00:00+00:00,14.67,90.64,8.86
2024-11-21 11:00:00+00:00,14.5,90.34,8.81
2024-11-21 12:00:00+00:00,14.45,89.44,8.73
2024-11-21 13:00:00+00:00,14.57,89.86,8.8
2024-11-21 14:00:00+00:00,15.19,94.84,9.21
2024-11-21 15:00:00+00:00,15.28,89.72,9.34
2024-11-21 16:00:00+00:00,15.0,94.9,9.29
2024-11-21 17:00:00+00:00,14.83,94.16,9.16
2024-11-21 18:00:00+00:00,14.91,95.68,9.23
2024-11-21 19:00:00+00:00,14.99,89.78,9.2
2024-11-21 20:00:00+00:00,15.1,95.39,9.14
2024-11-21 21:00:00+00:00,14.92,95.45,9.09
2024-11-21 22:00:00+00:00,14.85,95.61,9.08
2024-11-21 23:00:00+00:00,14.72,95.01,9.09
2024-11-22 00:00:00+00:00,14.87,96.05,9.27
2024-11-22 01:00:00+00:00,15.0,93.59,9.28
2024-11-22 02:00:00+00:00,14.79,94.67,9.19
2024-11-22 03:00:00+00:00,14.93,95.79,9.29
2024-11-22 04:00:00+00:00,15.0,96.41,9.33
2024-11-22 05:00:00+00:00,15.15,97.43,9.32
2024-11-22 06:00:00+00:00,15.33,97.86,9.47
2024-11-22 07:00:00+00:00,15.3,97.44,9.41
2024-11-22 08:00:00+00:00,15.31,97.57,9.32
2024-11-22 09:00:00+00:00,15.32,97.65,9.35
2024-11-22 10:00:00+00:00,15.25,97.17,9.41
2024-11-22 11:00:00+00:00,15.22,96.87,9.42
2024-11-22 12:00:00+00:00,15.12,95.72,9.34
2024-11-22 13:00:00+00:00,15.34,96.21,9.45
2024-11-22 14:00:00+00:00,15.5,97.8,9.58
2024-11-22 15:00:00+00:00,15.05,95.39,9.25
2024-11-22 16:00:00+00:00,15.03,95.06,9.34
2024-11-22 17:00:00+00:00,15.49,95.91,9.46
2024-11-22 18:00:00+00:00,15.66,96.4,9.5
2024-11-22 19:00:00+00:00,15.46,95.94,9.4
2024-11-22 20:00:00+00:00,15.37,95.17,9.31
2024-11-22 21:00:00+00:00,15.27,95.05,9.28
2024-11-22 22:00:00+00:00,15.32,95.49,9.36
2024-11-22 23:00:00+00:00,15.75,96.41,9.5
2024-11-23 00:00:00+00:00,15.88,96.34,9.49
2024-11-23 01:00:00+00:00,16.5,98.25,9.81
2024-11-23 02:00:00+00:00,16.81,100.04,9.98
2024-11-23 03:00:00+00:00,16.91,100.34,10.08
2024-11-23 04:00:00+00:00,16.54,100.41,10.15
2024-11-23 05:00:00+00:00,16.71,100.67,10.15
2024-11-23 06:00:00+00:00,16.68,100.75,10.06
2024-11-23 07:00:00+00:00,16.89,93.5,10.27
2024-11-23 08:00:00+00:00,16.96,97.04,10.31
2024-11-23 09:00:00+00:00,16.96,103.12,10.63
2024-11-23 10:00:00+00:00,16.99,103.95,10.57
2024-11-23 11:00:00+00:00,16.92,103.76,10.55
2024-11-23 12:00:00+00:00,16.73,103.09,10.59
2024-11-23 13:00:00+00:00,16.99,103.18,10.49
2024-11-23 14:00:00+00:00,17.39,104.82,10.73
2024-11-23 15:00:00+00:00,17.38,105.57,10.74
2024-11-23 16:00:00+00:00,17.63,107.08,10.83
2024-11-23 17:00:00+00:00,17.77,107.3,11.11
2024-11-23 18:00:00+00:00,17.51,105.2,10.89
2024-11-23 19:00:00+00:00,17.66,105.92,11.03
2024-11-23 20:00:00+00:00,17.62,106.27,11.1
2024-11-23 21:00:00+00:00,17.56,105.49,10.91
2024-11-23 22:00:00+00:00,17.29,104.17,10.68
2024-11-23 23:00:00+00:00,17.71,105.39,10.77
2024-11-24 00:00:00+00:00,17.44,105.81,10.74
2024-11-24 01:00:00+00:00,17.38,105.87,10.73
2024-11-24 02:00:00+00:00,18.01,106.13,10.95
2024-11-24 03:00:00+00:00,17.94,106.99,10.96
2024-11-24 04:00:00+00:00,18.04,107.88,10.98
2024-11-24 05:00:00+00:00,18.06,107.93,10.94
2024-11-24 06:00:00+00:00,17.73,107.54,10.94
2024-11-24 07:00:00+00:00,17.66,107.64,11.04
2024-11-24 08:00:00+00:00,17.77,108.84,11.27
2024-11-24 09:00:00+00:00,17.77,108.53,11.1
2024-11-24 10:00:00+00:00,17.49,107.83,11.02
2024-11-24 11:00:00+00:00,17.38,106.14,11.04
2024-11-24 12:00:00+00:00,17.17,105.61,10.88
2024-11-24 13:00:00+00:00,16.8,103.88,10.71
2024-11-24 14:00:00+00:00,16.75,101.64,10.43
2024-11-24 15:00:00+00:00,16.54,100.8,10.55
2024-11-24 16:00:00+00:00,16.72,101.74,10.42
2024-11-24 17:00:00+00:00,16.46,100.82,10.21
2024-11-24 18:00:00+00:00,16.73,102.55,10.42
2024-11-24 19:00:00+00:00,16.76,102.37,10.42
2024-11-24 20:00:00+00:00,17.08,103.36,10.54
2024-11-24 21:00:00+00:00,17.01,103.12,10.46
2024-11-24 22:00:00+00:00,17.36,103.55,10.62
2024-11-24 23:00:00+00:00,17.98,104.07,10.74
2024-11-25 00:00:00+00:00,17.98,105.33,10.82
2024-11-25 01:00:00+00:00,18.02,107.39,10.92
2024-11-25 02:00:00+00:00,18.05,106.94,10.87
2024-11-25 03:00:00+00:00,17.49,104.79,10.66
2024-11-25 04:00:00+00:00,17.52,105.52,10.72
2024-11-25 05:00:00+00:00,17.75,106.05,10.88
2024-11-25 06:00:00+00:00,18.1,107.16,10.86
2024-11-25 07:00:00+00:00,18.16,107.25,10.97
2024-11-25 08:00:00+00:00,17.99,107.11,11.04
2024-11-25 09:00:00+00:00,18.23,109.42,11.55
2024-11-25 10:00:00+00:00,18.5,109.2,11.46
2024-11-25 11:00:00+00:00,18.58,112.13,11.72
2024-11-25 12:00:00+00:00,18.87,113.03,11.9
2024-11-25 13:00:00+00:00,18.69,111.62,11.78
2024-11-25 14:00:00+00:00,18.46,112.65,11.94
2024-11-25 15:00:00+00:00,18.52,114.45,12.05
2024-11-25 16:00:00+00:00,18.09,112.43,11.69
2024-11-25 17:00:00+00:00,18.63,114.65,12.11
2024-11-25 18:00:00+00:00,17.99,114.75,11.9
2024-11-25 19:00:00+00:00,17.99,112.42,11.61
2024-11-25 20:00:00+00:00,17.72,111.05,11.43
2024-11-25 21:00:00+00:00,17.92,111.85,11.44
2024-11-25 22:00:00+00:00,17.93,112.38,11.44
2024-11-25 23:00:00+00:00,17.53,110.86,11.29
2024-11-26 00:00:00+00:00,17.6,110.71,11.27
2024-11-26 01:00:00+00:00,17.41,110.24,11.13
2024-11-26 02:00:00+00:00,17.5,111.22,11.26
2024-11-26 03:00:00+00:00,17.78,111.92,11.66
2024-11-26 04:00:00+00:00,17.53,111.86,11.48
2024-11-26 05:00:00+00:00,17.58,110.6,11.47
2024-11-26 06:00:00+00:00,17.55,110.03,11.52
2024-11-26 07:00:00+00:00,17.58,108.97,11.72
2024-11-26 08:00:00+00:00,17.31,110.38,11.58
2024-11-26 09:00:00+00:00,16.94,110.07,11.41
2024-11-26 10:00:00+00:00,16.9,108.08,10.99
2024-11-26 11:00:00+00:00,16.73,107.64,10.92
2024-11-26 12:00:00+00:00,16.56,106.23,10.79
2024-11-26 13:00:00+00:00,16.5,105.6,10.66
2024-11-26 14:00:00+00:00,16.85,105.17,10.66
2024-11-26 15:00:00+00:00,16.85,105.77,10.89
2024-11-26 16:00:00+00:00,17.01,107.69,11.18
2024-11-26 17:00:00+00:00,17.27,105.38,10.86
2024-11-26 18:00:00+00:00,17.2,106.44,10.96
2024-11-26 19:00:00+00:00,17.15,105.53,10.88
2024-11-26 20:00:00+00:00,16.86,104.22,10.61
2024-11-26 21:00:00+00:00,16.92,103.51,10.55
2024-11-26 22:00:00+00:00,17.28,105.42,10.87
2024-11-26 23:00:00+00:00,17.23,105.93,10.87
2024-11-27 00:00:00+00:00,17.4,106.49,10.82
2024-11-27 01:00:00+00:00,17.43,107.12,10.85
2024-11-27 02:00:00+00:00,17.17,108.0,10.83
2024-11-27 03:00:00+00:00,17.27,109.3,11.13
2024-11-27 04:00:00+00:00,17.34,109.71,11.18
2024-11-27 05:00:00+00:00,17.75,110.01,11.25
2024-11-27 06:00:00+00:00,17.73,112.23,11.47
2024-11-27 07:00:00+00:00,18.14,112.3,11.46
2024-11-27 08:00:00+00:00,18.13,114.29,11.64
2024-11-27 09:00:00+00:00,18.17,113.87,11.68
2024-11-27 10:00:00+00:00,18.14,113.91,11.65
2024-11-27 11:00:00+00:00,18.2,113.0,11.64
2024-11-27 12:00:00+00:00,18.3,114.0,11.76
2024-11-27 13:00:00+00:00,18.08,113.5,11.8
2024-11-27 14:00:00+00:00,17.88,113.88,12.19
2024-11-27 15:00:00+00:00,17.92,117.42,12.49
2024-11-27 16:00:00+00:00,18.03,112.5,12.77
2024-11-27 17:00:00+00:00,18.23,121.04,12.99
2024-11-27 18:00:00+00:00,17.86,119.65,12.89
2024-11-27 19:00:00+00:00,18.11,120.56,13.14
2024-11-27 20:00:00+00:00,18.15,116.2,13.24
2024-11-27 21:00:00+00:00,18.14,120.37,13.3
2024-11-27 22:00:00+00:00,18.23,121.72,13.14
2024-11-27 23:00:00+00:00,18.42,122.7,13.38
2024-11-28 00:00:00+00:00,18.82,123.72,13.58
2024-11-28 01:00:00+00:00,18.69,124.6,13.47
2024-11-28 02:00:00+00:00,18.4,124.2,13.2
2024-11-28 03:00:00+00:00,18.44,122.6,12.75
2024-11-28 04:00:00+00:00,18.04,120.61,12.55
2024-11-28 05:00:00+00:00,18.15,120.9,12.46
2024-11-28 06:00:00+00:00,18.17,120.91,12.53
2024-11-28 07:00:00+00:00,18.1,120.46,12.56
2024-11-28 08:00:00+00:00,18.02,120.73,12.65
2024-11-28 09:00:00+00:00,17.91,120.36,12.67
2024-11-28 10:00:00+00:00,18.01,121.24,12.98
2024-11-28 11:00:00+00:00,17.92,120.66,12.95
2024-11-28 12:00:00+00:00,17.88,120.39,12.76
2024-11-28 13:00:00+00:00,18.01,121.18,12.95
2024-11-28 14:00:00+00:00,17.95,120.87,12.95
2024-11-28 15:00:00+00:00,17.93,120.17,12.72
2024-11-28 16:00:00+00:00,17.66,119.45,12.78
2024-11-28 17:00:00+00:00,17.54,118.76,12.61
2024-11-28 18:00:00+00:00,17.61,117.8,12.53
2024-11-28 19:00:00+00:00,17.82,127.21,12.53
2024-11-28 20:00:00+00:00,17.88,119.43,12.53
2024-11-28 21:00:00+00:00,17.82,119.25,12.62
2024-11-28 22:00:00+00:00,17.67,127.94,12.63
2024-11-28 23:00:00+00:00,17.86,120.13,12.67
2024-11-29 00:00:00+00:00,18.05,120.9,12.87
2024-11-29 01:00:00+00:00,17.98,120.43,12.79
2024-11-29 02:00:00+00:00,17.85,119.86,12.65
2024-11-29 03:00:00+00:00,17.99,120.28,12.56
2024-11-29 04:00:00+00:00,17.89,121.09,12.71
2024-11-29 05:00:00+00:00,17.72,121.26,12.63
2024-11-29 06:00:00+00:00,17.75,120.67,12.6
2024-11-29 07:00:00+00:00,17.73,120.42,12.53
2024-11-29 08:00:00+00:00,17.66,125.11,12.51
2024-11-29 09:00:00+00:00,17.6,118.54,12.39
2024-11-29 10:00:00+00:00,17.68,119.45,12.63
2024-11-29 11:00:00+00:00,17.8,119.73,12.64
2024-11-29 12:00:00+00:00,18.05,119.99,12.64
2024-11-29 13:00:00+00:00,18.14,120.87,12.76
2024-11-29 14:00:00+00:00,17.97,120.5,12.71
2024-11-29 15:00:00+00:00,18.08,121.22,12.72
2024-11-29 16:00:00+00:00,18.26,122.21,12.87
2024-11-29 17:00:00+00:00,17.99,121.86,12.9
2024-11-29 18:00:00+00:00,17.95,121.55,12.73
2024-11-29 19:00:00+00:00,18.11,121.31,12.74
2024-11-29 20:00:00+00:00,17.96,124.59,12.72
2024-11-29 21:00:00+00:00,18.08,121.35,12.71
2024-11-29 22:00:00+00:00,18.12,121.59,12.53
2024-11-29 23:00:00+00:00,18.18,121.65,12.63
2024-11-30 00:00:00+00:00,18.25,122.4,12.68
2024-11-30 01:00:00+00:00,18.28,121.85,12.62
2024-11-30 02:00:00+00:00,18.08,122.32,12.69
2024-11-30 03:00:00+00:00,18.24,122.53,12.81
2024-11-30 04:00:00+00:00,18.31,122.81,12.98
2024-11-30 05:00:00+00:00,18.44,125.15,13.13
2024-11-30 06:00:00+00:00,18.32,124.43,12.99
2024-11-30 07:00:00+00:00,18.4,125.91,12.93
2024-11-30 08:00:00+00:00,18.51,125.93,13.17
2024-11-30 09:00:00+00:00,18.65,126.1,13.03
2024-11-30 10:00:00+00:00,18.57,125.5,12.94
2024-11-30 11:00:00+00:00,18.48,125.01,12.83
2024-11-30 12:00:00+00:00,18.22,123.58,12.64
2024-11-30 13:00:00+00:00,18.29,123.69,12.73
2024-11-30 14:00:00+00:00,18.37,124.13,12.97
2024-11-30 15:00:00+00:00,18.46,124.92,12.87
2024-11-30 16:00:00+00:00,18.63,124.91,12.83
2024-11-30 17:00:00+00:00,18.78,125.49,12.79
2024-11-30 18:00:00+00:00,18.77,124.48,12.78
2024-11-30 19:00:00+00:00,18.8,124.71,12.77
2024-11-30 20:00:00+00:00,19.01,124.37,12.79
2024-11-30 21:00:00+00:00,19.26,125.02,12.85
2024-11-30 22:00:00+00:00,19.37,126.03,12.96
2024-11-30 23:00:00+00:00,19.24,127.01,12.97
2024-12-01 00:00:00+00:00,19.03,125.96,12.76
2024-12-01 01:00:00+00:00,19.07,126.88,12.8
2024-12-01 02:00:00+00:00,18.59,126.58,12.74
2024-12-01 03:00:00+00:00,18.72,127.43,12.91
2024-12-01 04:00:00+00:00,18.58,125.36,12.75
2024-12-01 05:00:00+00:00,18.77,126.54,13.03
2024-12-01 06:00:00+00:00,18.73,126.79,13.02
2024-12-01 07:00:00+00:00,18.63,126.11,12.91
2024-12-01 08:00:00+00:00,18.65,125.79,13.03
2024-12-01 09:00:00+00:00,18.66,125.94,13.16
2024-12-01 10:00:00+00:00,18.78,126.63,13.26
2024-12-01 11:00:00+00:00,18.65,126.38,13.01
2024-12-01 12:00:00+00:00,18.64,124.91,12.96
2024-12-01 13:00:00+00:00,18.74,131.48,12.98
2024-12-01 14:00:00+00:00,18.69,124.25,13.02
2024-12-01 15:00:00+00:00,18.72,132.85,13.04
2024-12-01 16:00:00+00:00,18.82,125.29,13.14
2024-12-01 17:00:00+00:00,18.9,126.5,13.21
2024-12-01 18:00:00+00:00,18.86,126.45,13.13
2024-12-01 19:00:00+00:00,18.82,125.77,13.03
2024-12-01 20:00:00+00:00,18.75,125.83,13.03
2024-12-01 21:00:00+00:00,18.68,125.45,13.01
2024-12-01 22:00:00+00:00,18.58,135.81,12.97
2024-12-01 23:00:00+00:00,18.79,137.13,13.06
2024-12-02 00:00:00+00:00,18.88,136.95,13.13
2024-12-02 01:00:00+00:00,18.91,136.38,13.05
2024-12-02 02:00:00+00:00,19.02,136.92,13.09
2024-12-02 03:00:00+00:00,19.3,137.71,13.23
2024-12-02 04:00:00+00:00,19.6,137.54,13.19
2024-12-02 05:00:00+00:00,18.71,135.8,13.02
2024-12-02 06:00:00+00:00,19.55,124.82,12.87
2024-12-02 07:00:00+00:00,19.27,126.23,12.84
2024-12-02 08:00:00+00:00,19.59,127.07,12.98
2024-12-02 09:00:00+00:00,19.58,126.13,13.04
2024-12-02 10:00:00+00:00,19.28,123.0,12.64
2024-12-02 11:00:00+00:00,20.41,124.69,12.95
2024-12-02 12:00:00+00:00,19.91,124.11,12.95
2024-12-02 13:00:00+00:00,19.64,125.64,13.04
2024-12-02 14:00:00+00:00,19.87,129.79,13.98
2024-12-02 15:00:00+00:00,21.2,130.35,14.22
2024-12-02 16:00:00+00:00,21.6,132.52,14.19
2024-12-02 17:00:00+00:00,21.66,134.01,14.26
2024-12-02 18:00:00+00:00,21.83,131.72,13.95
2024-12-02 19:00:00+00:00,22.98,129.45,13.69
2024-12-02 20:00:00+00:00,22.92,130.87,13.89
2024-12-02 21:00:00+00:00,23.64,130.53,13.81
2024-12-02 22:00:00+00:00,24.91,131.81,13.83
2024-12-02 23:00:00+00:00,24.9,131.64,13.85
2024-12-03 00:00:00+00:00,24.32,133.04,13.72
2024-12-03 01:00:00+00:00,24.93,134.28,13.94
2024-12-03 02:00:00+00:00,24.67,134.12,13.95
2024-12-03 03:00:00+00:00,24.27,134.69,13.99
2024-12-03 04:00:00+00:00,24.1,136.31,14.05
2024-12-03 05:00:00+00:00,24.3,135.53,14.01
2024-12-03 06:00:00+00:00,24.81,136.48,14.25
2024-12-03 07:00:00+00:00,24.94,137.82,14.49
2024-12-03 08:00:00+00:00,24.97,138.75,14.39
2024-12-03 09:00:00+00:00,24.79,136.13,14.02
2024-12-03 10:00:00+00:00,24.98,136.11,14.0
2024-12-03 11:00:00+00:00,25.96,137.12,14.26
2024-12-03 12:00:00+00:00,25.25,137.59,14.08
2024-12-03 13:00:00+00:00,24.76,137.95,14.14
2024-12-03 14:00:00+00:00,24.71,137.68,14.15
2024-12-03 15:00:00+00:00,23.79,137.37,13.74
2024-12-03 16:00:00+00:00,23.63,137.7,13.77
2024-12-03 17:00:00+00:00,23.79,137.52,14.12
2024-12-03 18:00:00+00:00,23.72,138.75,14.09
2024-12-03 19:00:00+00:00,23.92,138.57,14.27
2024-12-03 20:00:00+00:00,24.41,138.11,14.25
2024-12-03 21:00:00+00:00,24.29,138.71,14.1
2024-12-03 22:00:00+00:00,24.81,139.93,14.49
2024-12-03 23:00:00+00:00,24.8,140.51,14.64
2024-12-04 00:00:00+00:00,24.55,140.55,14.7
2024-12-04 01:00:00+00:00,24.28,142.77,15.14
2024-12-04 02:00:00+00:00,24.32,143.52,15.04
2024-12-04 03:00:00+00:00,24.45,143.12,15.13
2024-12-04 04:00:00+00:00,23.78,142.66,14.8
2024-12-04 05:00:00+00:00,24.09,142.98,14.9
2024-12-04 06:00:00+00:00,24.07,144.82,14.87
2024-12-04 07:00:00+00:00,24.03,144.67,15.0
2024-12-04 08:00:00+00:00,24.47,145.74,14.91
2024-12-04 09:00:00+00:00,24.52,134.91,15.28
2024-12-04 10:00:00+00:00,24.25,146.7,15.25
2024-12-04 11:00:00+00:00,24.35,149.37,15.36
2024-12-04 12:00:00+00:00,24.45,150.07,15.72
2024-12-04 13:00:00+00:00,24.25,152.43,15.95
2024-12-04 14:00:00+00:00,24.23,151.3,15.76
2024-12-04 15:00:00+00:00,24.36,150.46,15.57
2024-12-04 16:00:00+00:00,25.89,153.2,15.81
2024-12-04 17:00:00+00:00,24.77,155.37,16.05
2024-12-04 18:00:00+00:00,24.26,151.66,15.66
2024-12-04 19:00:00+00:00,24.59,153.74,16.02
2024-12-04 20:00:00+00:00,24.98,155.02,16.25
2024-12-04 21:00:00+00:00,25.09,158.49,16.33
2024-12-04 22:00:00+00:00,24.21,156.68,16.05
2024-12-04 23:00:00+00:00,24.36,154.77,15.83
2024-12-05 00:00:00+00:00,24.02,152.89,15.77
2024-12-05 01:00:00+00:00,23.92,151.16,15.63
2024-12-05 02:00:00+00:00,23.86,149.29,15.39
2024-12-05 03:00:00+00:00,23.52,146.19,15.01
2024-12-05 04:00:00+00:00,23.86,149.36,15.32
2024-12-05 05:00:00+00:00,23.97,148.91,15.08
2024-12-05 06:00:00+00:00,24.04,150.88,15.22
2024-12-05 07:00:00+00:00,23.82,149.17,15.19
2024-12-05 08:00:00+00:00,23.93,149.86,15.3
2024-12-05 09:00:00+00:00,24.12,150.65,15.41
2024-12-05 10:00:00+00:00,24.04,152.77,15.42
2024-12-05 11:00:00+00:00,23.85,152.55,15.63
2024-12-05 12:00:00+00:00,23.83,153.05,15.6
2024-12-05 13:00:00+00:00,24.18,153.31,15.63
2024-12-05 14:00:00+00:00,24.58,153.48,15.63
2024-12-05 15:00:00+00:00,24.47,140.55,15.65
2024-12-05 16:00:00+00:00,24.29,153.97,15.56
2024-12-05 17:00:00+00:00,24.29,152.01,15.42
2024-12-05 18:00:00+00:00,24.46,152.53,15.62
2024-12-05 19:00:00+00:00,24.46,152.83,15.56
2024-12-05 20:00:00+00:00,24.18,151.16,15.49
2024-12-05 21:00:00+00:00,23.76,149.47,15.29
2024-12-05 22:00:00+00:00,23.55,141.81,15.26
2024-12-05 23:00:00+00:00,23.65,148.43,15.35
2024-12-06 00:00:00+00:00,23.41,147.85,15.04
2024-12-06 01:00:00+00:00,23.27,142.76,15.4
2024-12-06 02:00:00+00:00,23.86,153.24,15.91
2024-12-06 03:00:00+00:00,23.92,152.04,15.73
2024-12-06 04:00:00+00:00,23.91,144.64,15.84
2024-12-06 05:00:00+00:00,23.96,153.5,16.18
2024-12-06 06:00:00+00:00,24.21,145.74,16.15
2024-12-06 07:00:00+00:00,24.12,145.33,16.4
2024-12-06 08:00:00+00:00,24.03,146.41,16.41
2024-12-06 09:00:00+00:00,23.86,147.39,16.18
2024-12-06 10:00:00+00:00,23.77,155.29,16.28
2024-12-06 11:00:00+00:00,23.23,156.16,16.22
2024-12-06 12:00:00+00:00,23.36,156.08,16.38
2024-12-06 13:00:00+00:00,23.42,156.08,16.11
2024-12-06 14:00:00+00:00,23.02,154.99,16.19
2024-12-06 15:00:00+00:00,23.13,156.74,16.37
2024-12-06 16:00:00+00:00,23.42,158.88,16.96
2024-12-06 17:00:00+00:00,23.92,162.36,16.76
2024-12-06 18:00:00+00:00,23.87,154.69,16.88
2024-12-06 19:00:00+00:00,24.26,163.25,17.12
2024-12-06 20:00:00+00:00,24.47,166.92,17.52
2024-12-06 21:00:00+00:00,24.87,166.65,17.97
2024-12-06 22:00:00+00:00,25.08,164.52,18.13
2024-12-06 23:00:00+00:00,25.09,162.78,17.94
2024-12-07 00:00:00+00:00,25.45,165.84,17.59
2024-12-07 01:00:00+00:00,25.76,165.84,17.62
2024-12-07 02:00:00+00:00,25.34,164.3,17.67
2024-12-07 03:00:00+00:00,25.49,163.96,17.59
2024-12-07 04:00:00+00:00,25.87,160.56,17.61
2024-12-07 05:00:00+00:00,26.6,162.97,17.9
2024-12-07 06:00:00+00:00,25.9,168.56,17.99
2024-12-07 07:00:00+00:00,25.73,169.63,18.09
2024-12-07 08:00:00+00:00,26.01,168.95,18.02
2024-12-07 09:00:00+00:00,25.39,169.07,18.27
2024-12-07 10:00:00+00:00,25.29,167.26,18.07
2024-12-07 11:00:00+00:00,25.14,169.42,17.91
2024-12-07 12:00:00+00:00,24.84,165.15,17.47
2024-12-07 13:00:00+00:00,25.02,164.74,17.52
2024-12-07 14:00:00+00:00,24.98,164.63,17.37
2024-12-07 15:00:00+00:00,25.02,163.99,17.42
2024-12-07 16:00:00+00:00,24.98,163.89,17.5
2024-12-07 17:00:00+00:00,24.91,164.23,17.58
2024-12-07 18:00:00+00:00,24.76,163.89,17.54
2024-12-07 19:00:00+00:00,24.69,163.73,17.31
2024-12-07 20:00:00+00:00,24.87,164.07,17.52
2024-12-07 21:00:00+00:00,24.81,164.21,17.73
2024-12-07 22:00:00+00:00,24.79,164.51,17.73
2024-12-07 23:00:00+00:00,24.79,181.15,17.87
2024-12-08 00:00:00+00:00,24.78,165.09,17.94
2024-12-08 01:00:00+00:00,24.8,165.51,18.19
2024-12-08 02:00:00+00:00,24.9,166.74,18.26
2024-12-08 03:00:00+00:00,24.82,165.46,18.06
2024-12-08 04:00:00+00:00,24.86,165.75,17.82
2024-12-08 05:00:00+00:00,24.81,169.76,17.74
2024-12-08 06:00:00+00:00,24.79,161.68,17.58
2024-12-08 07:00:00+00:00,24.91,162.91,17.64
2024-12-08 08:00:00+00:00,25.38,162.5,17.96
2024-12-08 09:00:00+00:00,25.33,163.42,18.27
2024-12-08 10:00:00+00:00,25.55,164.23,18.24
2024-12-08 11:00:00+00:00,25.37,163.81,18.59
2024-12-08 12:00:00+00:00,25.91,164.95,18.66
2024-12-08 13:00:00+00:00,26.41,165.89,18.75
2024-12-08 14:00:00+00:00,27.26,166.52,19.02
2024-12-08 15:00:00+00:00,26.65,166.68,19.11
2024-12-08 16:00:00+00:00,26.33,165.92,18.75
2024-12-08 17:00:00+00:00,26.12,166.08,18.75
2024-12-08 18:00:00+00:00,25.81,164.32,18.31
2024-12-08 19:00:00+00:00,25.92,163.99,18.31
2024-12-08 20:00:00+00:00,25.63,162.69,18.46
2024-12-08 21:00:00+00:00,25.87,162.75,18.42
2024-12-08 22:00:00+00:00,25.85,162.84,18.33
2024-12-08 23:00:00+00:00,26.12,162.67,18.44
2024-12-09 00:00:00+00:00,26.17,164.62,18.49
2024-12-09 01:00:00+00:00,26.26,164.35,18.71
2024-12-09 02:00:00+00:00,26.46,163.93,18.55
2024-12-09 03:00:00+00:00,26.01,162.71,18.31
2024-12-09 04:00:00+00:00,26.62,163.34,18.17
2024-12-09 05:00:00+00:00,26.36,160.65,18.02
2024-12-09 06:00:00+00:00,26.63,160.76,18.03
2024-12-09 07:00:00+00:00,26.78,161.29,18.05
2024-12-09 08:00:00+00:00,26.32,160.26,17.92
2024-12-09 09:00:00+00:00,26.25,158.64,17.86
2024-12-09 10:00:00+00:00,25.42,156.11,17.38
2024-12-09 11:00:00+00:00,25.23,155.14,17.47
2024-12-09 12:00:00+00:00,25.24,155.98,17.52
2024-12-09 13:00:00+00:00,24.69,153.94,17.06
2024-12-09 14:00:00+00:00,24.7,153.53,16.97
2024-12-09 15:00:00+00:00,25.24,156.0,17.41
2024-12-09 16:00:00+00:00,24.98,154.72,17.51
2024-12-09 17:00:00+00:00,24.38,152.42,17.07
2024-12-09 18:00:00+00:00,24.13,156.01,17.11
2024-12-09 19:00:00+00:00,23.91,153.79,16.94
2024-12-09 20:00:00+00:00,23.83,153.6,16.91
2024-12-09 21:00:00+00:00,23.69,153.44,16.72
2024-12-09 22:00:00+00:00,22.74,141.19,16.01
2024-12-09 23:00:00+00:00,21.17,138.97,15.64
2024-12-10 00:00:00+00:00,22.17,139.95,15.54
2024-12-10 01:00:00+00:00,22.31,146.49,16.07
2024-12-10 02:00:00+00:00,22.19,150.76,16.52
2024-12-10 03:00:00+00:00,22.33,149.09,16.47
2024-12-10 04:00:00+00:00,21.67,146.72,16.03
2024-12-10 05:00:00+00:00,21.55,144.22,15.78
2024-12-10 06:00:00+00:00,21.92,144.95,15.42
2024-12-10 07:00:00+00:00,22.95,145.32,15.43
2024-12-10 08:00:00+00:00,22.91,147.29,15.75
2024-12-10 09:00:00+00:00,22.88,146.84,15.59
2024-12-10 10:00:00+00:00,23.16,147.74,15.68
2024-12-10 11:00:00+00:00,23.25,147.37,15.76
2024-12-10 12:00:00+00:00,23.57,149.52,16.25
2024-12-10 13:00:00+00:00,22.9,150.69,16.11
2024-12-10 14:00:00+00:00,22.35,147.49,15.47
2024-12-10 15:00:00+00:00,23.13,148.07,15.72
2024-12-10 16:00:00+00:00,22.71,147.94,15.55
2024-12-10 17:00:00+00:00,21.56,142.54,14.8
2024-12-10 18:00:00+00:00,21.39,140.17,14.92
2024-12-10 19:00:00+00:00,20.79,138.42,14.31
2024-12-10 20:00:00+00:00,21.0,139.52,14.46
2024-12-10 21:00:00+00:00,21.65,141.1,14.84
2024-12-10 22:00:00+00:00,21.85,142.23,14.92
2024-12-10 23:00:00+00:00,21.92,141.14,15.13
2024-12-11 00:00:00+00:00,22.31,142.66,15.23
2024-12-11 01:00:00+00:00,22.23,141.91,15.23
2024-12-11 02:00:00+00:00,21.88,141.32,15.17
2024-12-11 03:00:00+00:00,21.34,140.5,14.93
2024-12-11 04:00:00+00:00,22.07,143.1,15.47
2024-12-11 05:00:00+00:00,22.36,143.16,15.7
2024-12-11 06:00:00+00:00,22.6,143.26,15.77
2024-12-11 07:00:00+00:00,22.35,142.93,15.59
2024-12-11 08:00:00+00:00,22.32,143.67,15.55
2024-12-11 09:00:00+00:00,22.31,145.32,15.29
2024-12-11 10:00:00+00:00,22.72,146.82,15.68
2024-12-11 11:00:00+00:00,22.69,147.11,15.57
2024-12-11 12:00:00+00:00,22.68,147.27,15.49
2024-12-11 13:00:00+00:00,22.78,147.44,15.65
2024-12-11 14:00:00+00:00,23.18,148.06,15.82
2024-12-11 15:00:00+00:00,23.39,148.7,16.39
2024-12-11 16:00:00+00:00,24.13,149.39,16.59
2024-12-11 17:00:00+00:00,23.94,155.38,16.98
2024-12-11 18:00:00+00:00,23.9,155.43,17.05
2024-12-11 19:00:00+00:00,23.64,154.54,16.97
2024-12-11 20:00:00+00:00,23.66,154.72,17.16
2024-12-11 21:00:00+00:00,23.8,155.39,17.06
2024-12-11 22:00:00+00:00,23.74,155.94,17.01
2024-12-11 23:00:00+00:00,23.97,155.98,16.98
2024-12-12 00:00:00+00:00,24.1,155.8,16.97
2024-12-12 01:00:00+00:00,24.03,162.98,17.06
2024-12-12 02:00:00+00:00,24.02,156.35,17.03
2024-12-12 03:00:00+00:00,24.65,157.58,16.94
2024-12-12 04:00:00+00:00,25.7,162.28,17.4
2024-12-12 05:00:00+00:00,27.46,161.08,18.21
2024-12-12 06:00:00+00:00,27.86,163.74,18.15
2024-12-12 07:00:00+00:00,28.53,166.4,18.68
2024-12-12 08:00:00+00:00,29.14,171.58,18.65
2024-12-12 09:00:00+00:00,28.81,171.57,18.39
2024-12-12 10:00:00+00:00,28.77,171.55,18.58
2024-12-12 11:00:00+00:00,28.39,173.15,18.53
2024-12-12 12:00:00+00:00,27.89,173.16,18.54
2024-12-12 13:00:00+00:00,27.75,175.57,18.39
2024-12-12 14:00:00+00:00,28.05,176.96,18.72
2024-12-12 15:00:00+00:00,27.89,176.28,18.42
2024-12-12 16:00:00+00:00,28.16,177.42,18.35
2024-12-12 17:00:00+00:00,28.34,177.95,18.16
2024-12-12 18:00:00+00:00,28.1,168.38,18.04
2024-12-12 19:00:00+00:00,28.37,177.28,18.18
2024-12-12 20:00:00+00:00,27.67,175.94,18.03
2024-12-12 21:00:00+00:00,27.21,171.22,17.69
2024-12-12 22:00:00+00:00,28.04,170.02,17.74
2024-12-12 23:00:00+00:00,28.23,164.78,17.68
2024-12-13 00:00:00+00:00,28.74,164.1,17.58
2024-12-13 01:00:00+00:00,29.0,164.64,17.63
2024-12-13 02:00:00+00:00,29.15,164.61,17.73
2024-12-13 03:00:00+00:00,29.47,160.03,17.46
2024-12-13 04:00:00+00:00,30.52,156.63,18.02
2024-12-13 05:00:00+00:00,29.98,164.35,17.9
2024-12-13 06:00:00+00:00,29.48,165.78,17.77
2024-12-13 07:00:00+00:00,29.5,174.26,17.56
2024-12-13 08:00:00+00:00,29.22,172.87,17.43
2024-12-13 09:00:00+00:00,29.04,171.07,17.36
2024-12-13 10:00:00+00:00,28.71,171.14,17.38
2024-12-13 11:00:00+00:00,28.49,170.69,17.32
2024-12-13 12:00:00+00:00,28.73,172.19,17.42
2024-12-13 13:00:00+00:00,28.39,172.55,17.38
2024-12-13 14:00:00+00:00,28.34,172.69,17.39
2024-12-13 15:00:00+00:00,28.35,172.01,17.34
2024-12-13 16:00:00+00:00,28.18,171.6,17.28
2024-12-13 17:00:00+00:00,27.63,169.63,17.02
2024-12-13 18:00:00+00:00,28.13,170.08,17.26
2024-12-13 19:00:00+00:00,28.09,170.98,17.25
2024-12-13 20:00:00+00:00,27.93,169.99,17.18
2024-12-13 21:00:00+00:00,28.11,170.39,17.31
2024-12-13 22:00:00+00:00,28.04,169.91,17.37
2024-12-13 23:00:00+00:00,27.89,170.56,17.36
2024-12-14 00:00:00+00:00,28.39,170.27,17.21
2024-12-14 01:00:00+00:00,30.01,171.33,17.42
2024-12-14 02:00:00+00:00,29.84,165.27,17.41
2024-12-14 03:00:00+00:00,29.83,174.46,17.68
2024-12-14 04:00:00+00:00,29.12,174.21,17.31
2024-12-14 05:00:00+00:00,29.34,173.31,17.24
2024-12-14 06:00:00+00:00,29.63,172.96,17.27
2024-12-14 07:00:00+00:00,29.34,173.23,17.25
2024-12-14 08:00:00+00:00,29.56,163.8,17.32
2024-12-14 09:00:00+00:00,29.59,173.3,17.2
2024-12-14 10:00:00+00:00,29.86,173.53,17.27
2024-12-14 11:00:00+00:00,30.16,173.04,17.2
2024-12-14 12:00:00+00:00,30.17,161.82,17.26
2024-12-14 13:00:00+00:00,29.84,162.24,17.22
2024-12-14 14:00:00+00:00,29.26,161.35,16.83
2024-12-14 15:00:00+00:00,29.13,167.58,16.52
2024-12-14 16:00:00+00:00,30.23,161.77,16.89
2024-12-14 17:00:00+00:00,30.46,168.65,16.81
2024-12-14 18:00:00+00:00,30.08,161.57,16.68
2024-12-14 19:00:00+00:00,29.61,166.5,16.67
2024-12-14 20:00:00+00:00,29.1,165.99,16.67
2024-12-14 21:00:00+00:00,29.21,166.71,16.75
2024-12-14 22:00:00+00:00,29.1,166.65,16.53
2024-12-14 23:00:00+00:00,29.23,166.89,16.79
2024-12-15 00:00:00+00:00,29.49,170.88,16.87
2024-12-15 01:00:00+00:00,29.08,170.66,16.77
2024-12-15 02:00:00+00:00,28.69,170.69,16.56
2024-12-15 03:00:00+00:00,29.3,174.49,16.99
2024-12-15 04:00:00+00:00,29.41,174.64,16.9
2024-12-15 05:00:00+00:00,29.26,171.49,16.6
2024-12-15 06:00:00+00:00,29.32,173.06,16.76
2024-12-15 07:00:00+00:00,29.43,173.55,16.71
2024-12-15 08:00:00+00:00,29.11,171.1,16.46
2024-12-15 09:00:00+00:00,28.69,168.65,16.28
2024-12-15 10:00:00+00:00,28.82,169.17,16.5
2024-12-15 11:00:00+00:00,28.81,170.18,16.56
2024-12-15 12:00:00+00:00,28.91,169.89,16.53
2024-12-15 13:00:00+00:00,28.64,170.1,16.61
2024-12-15 14:00:00+00:00,28.48,169.67,16.67
2024-12-15 15:00:00+00:00,28.87,171.5,16.76
2024-12-15 16:00:00+00:00,28.91,172.64,16.95
2024-12-15 17:00:00+00:00,29.15,174.64,16.99
2024-12-15 18:00:00+00:00,29.38,176.15,16.89
2024-12-15 19:00:00+00:00,29.21,174.22,16.74
2024-12-15 20:00:00+00:00,28.83,172.08,16.66
2024-12-15 21:00:00+00:00,28.99,172.63,16.8
2024-12-15 22:00:00+00:00,28.79,172.12,16.7
2024-12-15 23:00:00+00:00,28.22,170.53,16.57
2024-12-16 00:00:00+00:00,28.61,172.99,16.59
2024-12-16 01:00:00+00:00,29.43,177.94,17.13
2024-12-16 02:00:00+00:00,29.34,179.14,17.31
2024-12-16 03:00:00+00:00,29.23,181.06,17.32
2024-12-16 04:00:00+00:00,28.58,178.37,16.86
2024-12-16 05:00:00+00:00,28.59,176.06,16.6
2024-12-16 06:00:00+00:00,28.54,176.93,16.69
2024-12-16 07:00:00+00:00,29.08,176.7,16.7
2024-12-16 08:00:00+00:00,28.96,189.54,16.58
2024-12-16 09:00:00+00:00,29.28,177.18,16.71
2024-12-16 10:00:00+00:00,29.26,175.24,16.53
2024-12-16 11:00:00+00:00,29.84,176.16,16.48
2024-12-16 12:00:00+00:00,30.45,175.19,16.48
2024-12-16 13:00:00+00:00,29.97,174.24,16.33
2024-12-16 14:00:00+00:00,29.7,174.03,16.34
2024-12-16 15:00:00+00:00,29.47,173.49,16.31
2024-12-16 16:00:00+00:00,30.1,175.18,16.61
2024-12-16 17:00:00+00:00,30.33,174.41,16.5
2024-12-16 18:00:00+00:00,29.5,175.25,16.65
2024-12-16 19:00:00+00:00,29.45,177.44,16.88
2024-12-16 20:00:00+00:00,29.66,177.42,17.19
2024-12-16 21:00:00+00:00,29.71,178.32,16.82
2024-12-16 22:00:00+00:00,29.66,177.61,16.6
2024-12-16 23:00:00+00:00,29.08,176.6,16.55
2024-12-17 00:00:00+00:00,29.08,174.73,16.45
2024-12-17 01:00:00+00:00,28.84,173.77,16.29
2024-12-17 02:00:00+00:00,28.6,172.43,15.99
2024-12-17 03:00:00+00:00,28.64,172.82,16.03
2024-12-17 04:00:00+00:00,28.72,174.39,16.04
2024-12-17 05:00:00+00:00,28.48,174.47,16.09
2024-12-17 06:00:00+00:00,28.35,171.54,15.96
2024-12-17 07:00:00+00:00,28.46,171.97,15.97
2024-12-17 08:00:00+00:00,28.32,171.73,15.91
2024-12-17 09:00:00+00:00,28.14,171.36,15.85
2024-12-17 10:00:00+00:00,28.33,171.13,16.01
2024-12-17 11:00:00+00:00,28.72,175.98,16.17
2024-12-17 12:00:00+00:00,28.42,171.21,16.22
2024-12-17 13:00:00+00:00,28.35,170.66,16.3
2024-12-17 14:00:00+00:00,28.43,172.06,16.37
2024-12-17 15:00:00+00:00,28.5,171.77,16.34
2024-12-17 16:00:00+00:00,28.18,172.47,16.23
2024-12-17 17:00:00+00:00,27.58,173.53,15.7
2024-12-17 18:00:00+00:00,28.11,167.95,16.19
2024-12-17 19:00:00+00:00,28.12,169.37,16.28
2024-12-17 20:00:00+00:00,27.73,167.32,16.02
2024-12-17 21:00:00+00:00,27.79,165.53,16.08
2024-12-17 22:00:00+00:00,28.14,166.91,16.37
2024-12-17 23:00:00+00:00,28.21,167.43,16.45
2024-12-18 00:00:00+00:00,27.85,166.12,16.31
2024-12-18 01:00:00+00:00,27.76,165.34,16.25
2024-12-18 02:00:00+00:00,27.84,165.46,16.46
2024-12-18 03:00:00+00:00,27.92,166.65,16.13
2024-12-18 04:00:00+00:00,28.04,165.68,16.3
2024-12-18 05:00:00+00:00,27.72,164.97,16.41
2024-12-18 06:00:00+00:00,26.99,163.76,16.08
2024-12-18 07:00:00+00:00,27.39,165.91,16.41
2024-12-18 08:00:00+00:00,27.09,165.75,16.57
2024-12-18 09:00:00+00:00,27.17,166.71,16.34
2024-12-18 10:00:00+00:00,26.97,165.6,16.21
2024-12-18 11:00:00+00:00,27.34,166.6,16.48
2024-12-18 12:00:00+00:00,27.66,167.98,16.25
2024-12-18 13:00:00+00:00,27.83,168.18,16.41
2024-12-18 14:00:00+00:00,27.13,165.72,15.86
2024-12-18 15:00:00+00:00,27.05,163.99,15.76
2024-12-18 16:00:00+00:00,27.09,163.51,15.67
2024-12-18 17:00:00+00:00,27.08,163.69,15.68
2024-12-18 18:00:00+00:00,27.49,164.88,15.65
2024-12-18 19:00:00+00:00,27.69,165.26,15.77
2024-12-18 20:00:00+00:00,27.64,164.96,15.82
2024-12-18 21:00:00+00:00,27.02,161.98,15.47
2024-12-18 22:00:00+00:00,25.95,159.89,15.18
2024-12-18 23:00:00+00:00,25.64,158.83,15.03
2024-12-19 00:00:00+00:00,25.66,158.7,14.96
2024-12-19 01:00:00+00:00,24.92,155.17,14.79
2024-12-19 02:00:00+00:00,25.02,154.89,14.77
2024-12-19 03:00:00+00:00,24.67,154.21,14.44
2024-12-19 04:00:00+00:00,24.69,152.34,14.25
2024-12-19 05:00:00+00:00,24.8,155.18,14.62
2024-12-19 06:00:00+00:00,24.58,155.23,14.58
2024-12-19 07:00:00+00:00,24.65,156.0,14.57
2024-12-19 08:00:00+00:00,24.64,155.36,14.56
2024-12-19 09:00:00+00:00,24.89,156.71,14.65
2024-12-19 10:00:00+00:00,24.65,155.75,14.48
2024-12-19 11:00:00+00:00,24.88,154.55,14.66
2024-12-19 12:00:00+00:00,25.43,157.09,14.98
2024-12-19 13:00:00+00:00,25.21,157.56,15.01
2024-12-19 14:00:00+00:00,24.88,156.09,14.88
2024-12-19 15:00:00+00:00,24.76,154.62,14.92
2024-12-19 16:00:00+00:00,23.95,154.28,15.05
2024-12-19 17:00:00+00:00,24.11,161.47,14.68
2024-12-19 18:00:00+00:00,24.16,162.61,14.47
2024-12-19 19:00:00+00:00,22.48,141.59,13.81
2024-12-19 20:00:00+00:00,22.84,141.69,13.46
2024-12-19 21:00:00+00:00,22.06,137.31,12.98
2024-12-19 22:00:00+00:00,22.42,136.79,13.03
2024-12-19 23:00:00+00:00,22.99,141.42,13.36
2024-12-20 00:00:00+00:00,23.15,141.8,13.34
2024-12-20 01:00:00+00:00,22.74,140.73,12.82
2024-12-20 02:00:00+00:00,23.15,140.24,12.86
2024-12-20 03:00:00+00:00,22.9,139.73,12.79
2024-12-20 04:00:00+00:00,23.52,143.08,13.16
2024-12-20 05:00:00+00:00,23.19,141.57,13.12
2024-12-20 06:00:00+00:00,23.1,140.29,13.01
2024-12-20 07:00:00+00:00,22.84,138.53,12.82
2024-12-20 08:00:00+00:00,22.94,135.24,12.58
2024-12-20 09:00:00+00:00,22.68,137.21,12.75
2024-12-20 10:00:00+00:00,21.53,131.81,12.08
2024-12-20 11:00:00+00:00,21.53,129.96,11.95
2024-12-20 12:00:00+00:00,20.76,126.38,11.6
2024-12-20 13:00:00+00:00,20.25,123.42,11.32
2024-12-20 14:00:00+00:00,21.19,128.99,11.88
2024-12-20 15:00:00+00:00,21.8,133.09,12.01
2024-12-20 16:00:00+00:00,22.52,133.99,12.13
2024-12-20 17:00:00+00:00,22.66,137.33,12.55
2024-12-20 18:00:00+00:00,22.45,138.78,12.43
2024-12-20 19:00:00+00:00,22.79,142.35,12.81
2024-12-20 20:00:00+00:00,22.97,144.14,12.91
2024-12-20 21:00:00+00:00,23.38,148.64,13.3
2024-12-20 22:00:00+00:00,22.84,148.74,13.32
2024-12-20 23:00:00+00:00,23.26,147.79,13.43
2024-12-21 00:00:00+00:00,23.39,149.56,13.7
2024-12-21 01:00:00+00:00,23.22,150.58,13.69
2024-12-21 02:00:00+00:00,23.25,150.13,13.46
2024-12-21 03:00:00+00:00,23.37,149.77,13.64
2024-12-21 04:00:00+00:00,23.42,151.54,13.84
2024-12-21 05:00:00+00:00,23.14,150.13,13.78
2024-12-21 06:00:00+00:00,23.51,152.75,14.16
2024-12-21 07:00:00+00:00,24.09,155.0,14.58
2024-12-21 08:00:00+00:00,24.44,155.74,14.61
2024-12-21 09:00:00+00:00,24.42,154.61,14.56
2024-12-21 10:00:00+00:00,24.12,152.89,14.23
2024-12-21 11:00:00+00:00,23.97,152.51,14.08
2024-12-21 12:00:00+00:00,24.02,152.07,13.99
2024-12-21 13:00:00+00:00,23.84,150.03,13.91
2024-12-21 14:00:00+00:00,23.13,144.83,13.53
2024-12-21 15:00:00+00:00,22.76,144.49,13.4
2024-12-21 16:00:00+00:00,22.86,144.1,13.33
2024-12-21 17:00:00+00:00,22.93,144.38,13.59
2024-12-21 18:00:00+00:00,22.56,141.16,13.36
2024-12-21 19:00:00+00:00,22.66,142.56,13.39
2024-12-21 20:00:00+00:00,22.08,141.7,13.31
2024-12-21 21:00:00+00:00,22.09,141.31,13.3
2024-12-21 22:00:00+00:00,22.19,141.45,13.45
2024-12-21 23:00:00+00:00,22.05,140.26,13.29
2024-12-22 00:00:00+00:00,22.07,140.5,13.34
2024-12-22 01:00:00+00:00,22.12,139.37,13.37
2024-12-22 02:00:00+00:00,22.31,141.58,13.55
2024-12-22 03:00:00+00:00,22.17,141.2,13.62
2024-12-22 04:00:00+00:00,22.11,141.83,13.7
2024-12-22 05:00:00+00:00,22.1,141.24,13.78
2024-12-22 06:00:00+00:00,21.83,140.1,13.49
2024-12-22 07:00:00+00:00,22.04,139.16,13.55
2024-12-22 08:00:00+00:00,22.05,140.76,13.63
2024-12-22 09:00:00+00:00,21.93,139.8,13.52
2024-12-22 10:00:00+00:00,22.26,142.83,13.76
2024-12-22 11:00:00+00:00,22.57,145.18,13.99
2024-12-22 12:00:00+00:00,22.64,145.89,14.19
2024-12-22 13:00:00+00:00,22.47,144.39,14.11
2024-12-22 14:00:00+00:00,22.46,144.59,14.03
2024-12-22 15:00:00+00:00,22.39,141.89,14.01
2024-12-22 16:00:00+00:00,21.66,139.71,13.59
2024-12-22 17:00:00+00:00,22.02,140.23,13.96
2024-12-22 18:00:00+00:00,22.16,142.75,14.08
2024-12-22 19:00:00+00:00,22.16,142.84,14.12
2024-12-22 20:00:00+00:00,22.3,144.55,14.01
2024-12-22 21:00:00+00:00,21.67,141.4,13.65
2024-12-22 22:00:00+00:00,21.93,142.78,13.87
2024-12-22 23:00:00+00:00,22.21,144.76,13.96
2024-12-23 00:00:00+00:00,22.06,143.43,13.87
2024-12-23 01:00:00+00:00,22.03,144.02,13.85
2024-12-23 02:00:00+00:00,21.83,142.0,13.69
2024-12-23 03:00:00+00:00,22.09,143.74,13.72
2024-12-23 04:00:00+00:00,22.16,143.74,13.7
2024-12-23 05:00:00+00:00,23.1,147.48,14.2
2024-12-23 06:00:00+00:00,23.08,148.22,14.15
2024-12-23 07:00:00+00:00,22.8,147.25,14.02
2024-12-23 08:00:00+00:00,22.36,144.48,13.72
2024-12-23 09:00:00+00:00,22.51,144.42,13.78
2024-12-23 10:00:00+00:00,22.85,146.74,14.0
2024-12-23 11:00:00+00:00,23.08,148.01,14.03
2024-12-23 12:00:00+00:00,23.06,147.72,13.92
2024-12-23 13:00:00+00:00,23.11,147.34,13.81
2024-12-23 14:00:00+00:00,23.08,147.37,13.86
2024-12-23 15:00:00+00:00,22.6,144.78,13.52
2024-12-23 16:00:00+00:00,22.162032843,143.196673889,13.508978471
2024-12-23 17:00:00+00:00,22.999827577,148.670759987,13.883603817
2024-12-23 18:00:00+00:00,22.598208197,146.770431652,13.541444424
2024-12-23 19:00:00+00:00,22.310127181,146.393380808,13.487293285
