Date,HYG_Close,HYG_Volume
2019-12-02,67.01842498779297,20966400
2019-12-03,66.92548370361328,29757200
2019-12-04,67.12687683105469,12406800
2019-12-05,67.2275161743164,18158900
2019-12-06,67.32046508789062,16094700
2019-12-09,67.32046508789062,18034300
2019-12-10,67.48308563232422,15117100
2019-12-11,67.62247467041016,14127500
2019-12-12,67.77737426757812,18958100
2019-12-13,67.84705352783203,18088100
2019-12-16,67.97872161865234,17517400
2019-12-17,68.18781280517578,18650700
2019-12-18,68.31169891357422,31575700
2019-12-19,68.27597045898438,29429300
2019-12-20,68.17493438720703,31918800
2019-12-23,68.20601654052734,9720200
2019-12-24,68.26042175292969,4854900
2019-12-26,68.36148071289062,11382700
2019-12-27,68.33036804199219,11627100
2019-12-30,68.2837142944336,12524300
2019-12-31,68.34591674804688,8310800
2020-01-02,68.63346862792969,15756600
2020-01-03,68.5634994506836,17342200
2020-01-06,68.49357604980469,17936900
2020-01-07,68.431396484375,9640300
2020-01-08,68.49357604980469,16088100
2020-01-09,68.67233276367188,16649500
2020-01-10,68.69563293457031,16182900
2020-01-13,68.69563293457031,17762400
2020-01-14,68.68789672851562,29157100
2020-01-15,68.70341491699219,24637900
2020-01-16,68.7267074584961,22349200
2020-01-17,68.67233276367188,29626700
2020-01-21,68.52461242675781,19724900
2020-01-22,68.64900970458984,17731800
2020-01-23,68.43916320800781,28566200
2020-01-24,68.15161895751953,40838300
2020-01-27,67.6930923461914,41372700
2020-01-28,68.27597045898438,32628300
2020-01-29,68.23709869384766,17308200
2020-01-30,68.30705261230469,20103300
2020-01-31,68.02726745605469,35659700
2020-02-03,68.01636505126953,25754700
2020-02-04,68.42218780517578,25063800
2020-02-05,68.70313262939453,36687700
2020-02-06,68.75775909423828,18329900
2020-02-07,68.65629577636719,12865100
2020-02-10,68.74994659423828,14220000
2020-02-11,68.79679870605469,16821500
2020-02-12,68.97630310058594,26688200
2020-02-13,68.99971008300781,13297900
2020-02-14,68.99191284179688,11398800
2020-02-18,68.8514404296875,26635300
2020-02-19,68.88264465332031,18547500
2020-02-20,68.99971008300781,31277000
2020-02-21,68.93724822998047,23027000
2020-02-24,68.19584655761719,57828300
2020-02-25,67.7197494506836,68418000
2020-02-26,67.7900161743164,69233800
2020-02-27,66.87687683105469,72596300
2020-02-28,67.15003967285156,97472600
2020-03-02,67.65956115722656,72357700
2020-03-03,67.36956024169922,58721000
2020-03-04,68.2945556640625,52664700
2020-03-05,67.43224334716797,62455700
2020-03-06,66.67188262939453,69860600
2020-03-09,63.80270767211914,73609600
2020-03-10,64.7825698852539,57598000
2020-03-11,63.37156295776367,60006600
2020-03-12,60.83951950073242,82926400
2020-03-13,62.75227355957031,69164600
2020-03-16,59.30304718017578,43080100
2020-03-17,59.859642028808594,68569400
2020-03-18,57.217830657958984,54289800
2020-03-19,55.9322395324707,45706300
2020-03-20,54.67795181274414,55796500
2020-03-23,53.79999923706055,48862100
2020-03-24,56.01847457885742,51304000
2020-03-25,57.594146728515625,45692600
2020-03-26,60.22809600830078,41965200
2020-03-27,60.38485336303711,66536800
2020-03-30,60.90224075317383,35016900
2020-03-31,60.41624450683594,31103400
2020-04-01,58.75779342651367,36859100
2020-04-02,59.21476364135742,31824800
2020-04-03,57.94631576538086,39986200
2020-04-06,59.356536865234375,32347800
2020-04-07,59.356536865234375,35120800
2020-04-08,60.90074157714844,46291400
2020-04-09,64.88724517822266,88846900
2020-04-13,63.957603454589844,40390500
2020-04-14,64.2254409790039,37632800
2020-04-15,63.62668228149414,34367500
2020-04-16,63.56367874145508,25821900
2020-04-17,63.886688232421875,38251800
2020-04-20,62.9255256652832,24676200
2020-04-21,61.77528381347656,42335600
2020-04-22,62.318851470947266,15720900
2020-04-23,62.287349700927734,23896700
2020-04-24,61.7043571472168,37915200
2020-04-27,61.95644760131836,20550700
2020-04-28,62.145545959472656,23927600
2020-04-29,63.24065399169922,34838300
2020-04-30,63.366729736328125,34636000
2020-05-01,62.273681640625,31859400
2020-05-04,62.18661117553711,20400900
2020-05-05,62.72480010986328,26484200
2020-05-06,62.36867141723633,18823300
2020-05-07,62.52696990966797,19581700
2020-05-08,63.12055969238281,21770400
2020-05-11,62.83562088012695,14285100
2020-05-12,62.75650405883789,25332700
2020-05-13,62.42405319213867,29962000
2020-05-14,62.21036911010742,30429100
2020-05-15,62.29744338989258,34133400
2020-05-18,63.397586822509766,31900200
2020-05-19,63.47672653198242,18536500
2020-05-20,64.14949035644531,36053700
2020-05-21,64.1336441040039,23307300
2020-05-22,64.29194641113281,11311900
2020-05-26,64.7747573852539,27673800
2020-05-27,64.9093017578125,24905000
2020-05-28,64.97259521484375,23282500
2020-05-29,65.23382568359375,32189000
2020-06-01,65.72724151611328,46987000
2020-06-02,66.3788070678711,35930900
2020-06-03,66.68870544433594,35991000
2020-06-04,66.48211669921875,36405800
2020-06-05,67.10981750488281,35306500
2020-06-08,67.18925476074219,20493100
2020-06-09,66.66486358642578,28412400
2020-06-10,66.5694808959961,36663100
2020-06-11,64.86113739013672,48794500
2020-06-12,65.5047607421875,36156800
2020-06-15,66.14043426513672,39432300
2020-06-16,66.41058349609375,40976300
2020-06-17,66.10069274902344,17066700
2020-06-18,66.07685089111328,22223600
2020-06-19,65.85438537597656,32037600
2020-06-22,65.80668640136719,21536000
2020-06-23,65.90204620361328,17438000
2020-06-24,65.22665405273438,43720600
2020-06-25,65.2505111694336,31159700
2020-06-26,64.6307144165039,33705800
2020-06-29,64.26521301269531,76540200
2020-06-30,64.85321044921875,40554300
2020-07-01,65.05510711669922,28799100
2020-07-02,65.53387451171875,30623300
2020-07-06,66.00462341308594,22888200
2020-07-07,65.56575775146484,22408000
2020-07-08,65.74129486083984,21155700
2020-07-09,65.5976791381836,21655600
2020-07-10,65.82109832763672,17903400
2020-07-13,65.46202850341797,20039400
2020-07-14,66.02057647705078,31929700
2020-07-15,66.39561462402344,21291300
2020-07-16,66.45942687988281,17570400
2020-07-17,66.64297485351562,22863700
2020-07-20,67.04193115234375,16701600
2020-07-21,67.35311889648438,22331600
2020-07-22,67.4887924194336,15251400
2020-07-23,67.44091796875,28434900
2020-07-24,67.50473022460938,14977500
2020-07-27,67.664306640625,12931500
2020-07-28,67.4887924194336,14862900
2020-07-29,67.86380004882812,18012800
2020-07-30,68.0074462890625,54812400
2020-07-31,68.13509368896484,28623100
2020-08-03,68.15190887451172,17480600
2020-08-04,68.1279067993164,17120700
2020-08-05,68.24807739257812,14566000
2020-08-06,68.4002914428711,13258600
2020-08-07,68.23202514648438,14289900
2020-08-10,68.26407623291016,13708700
2020-08-11,67.64720916748047,20535400
2020-08-12,67.66322326660156,18003400
2020-08-13,67.4789810180664,28444900
2020-08-14,67.35879516601562,14072300
2020-08-17,67.75938415527344,13756500
2020-08-18,67.8635025024414,24900300
2020-08-19,67.67124938964844,18738300
2020-08-20,67.89555358886719,19912800
2020-08-21,67.88754272460938,17570600
2020-08-24,68.19998168945312,16058100
2020-08-25,68.2720718383789,24018600
2020-08-26,68.26407623291016,16243100
2020-08-27,68.15991973876953,19861800
2020-08-28,68.21599578857422,14418500
2020-08-31,68.119873046875,21473800
2020-09-01,68.49067687988281,22774200
2020-09-02,68.57115173339844,15878600
2020-09-03,68.1447982788086,34169800
2020-09-04,67.95979309082031,36087300
2020-09-08,67.5817642211914,34967600
2020-09-09,68.11260986328125,32976800
2020-09-10,67.7908706665039,32866300
2020-09-11,67.92765045166016,20807100
2020-09-14,67.85525512695312,28958000
2020-09-15,68.04022979736328,22176900
2020-09-16,68.04022979736328,26951200
2020-09-17,67.96782684326172,25752400
2020-09-18,67.79895782470703,29891800
2020-09-21,67.25196838378906,42968900
2020-09-22,67.48526000976562,41396800
2020-09-23,66.80154418945312,39577800
2020-09-24,66.84175109863281,38755800
2020-09-25,66.72111511230469,36032200
2020-09-28,67.15542602539062,20277000
2020-09-29,67.21175384521484,20243400
2020-09-30,67.48526000976562,28797600
2020-10-01,67.71708679199219,31098000
2020-10-02,67.71708679199219,26284300
2020-10-05,68.2259750366211,27394000
2020-10-06,68.07252502441406,37848500
2020-10-07,68.31483459472656,20968200
2020-10-08,68.46831512451172,18738800
2020-10-09,68.6218032836914,21287800
2020-10-12,68.96912384033203,10503400
2020-10-13,68.66218566894531,25183100
2020-10-14,68.49256134033203,31620600
2020-10-15,68.444091796875,32232100
2020-10-16,68.36328887939453,27456900
2020-10-19,68.1209716796875,20998100
2020-10-20,68.36328887939453,27650700
2020-10-21,68.355224609375,26901600
2020-10-22,68.47640228271484,28977800
2020-10-23,68.5571517944336,20734700
2020-10-26,67.95130920410156,50102400
2020-10-27,67.98367309570312,30880900
2020-10-28,67.41817474365234,45794300
2020-10-29,67.61204528808594,37112600
2020-10-30,67.75745391845703,36801700
2020-11-02,67.91890716552734,25665400
2020-11-03,68.50301361083984,39777600
2020-11-04,69.14390563964844,57673400
2020-11-05,69.38726806640625,55079000
2020-11-06,69.14390563964844,25953400
2020-11-09,69.67121124267578,59347100
2020-11-10,69.57389068603516,39295700
2020-11-11,69.5495376586914,14416200
2020-11-12,69.07901000976562,43300100
2020-11-13,69.31426239013672,20277100
2020-11-16,69.70367431640625,28350400
2020-11-17,69.72801971435547,23747100
2020-11-18,69.59822082519531,22098900
2020-11-19,69.83348083496094,21704200
2020-11-20,69.70367431640625,48530200
2020-11-23,69.80913543701172,23790600
2020-11-24,70.02006530761719,26080100
2020-11-25,69.98762512207031,26510900
2020-11-27,70.1011734008789,7338500
2020-11-30,70.02820587158203,24256900
2020-12-01,70.20818328857422,26256700
2020-12-02,70.40364837646484,23705000
2020-12-03,70.44440460205078,20748400
2020-12-04,70.73760223388672,19362000
2020-12-07,70.70501708984375,17811300
2020-12-08,70.64802551269531,21408300
2020-12-09,70.54210662841797,36608500
2020-12-10,70.67244720458984,24251500
2020-12-11,70.59913635253906,17699600
2020-12-14,70.61541748046875,20705200
2020-12-15,70.83534240722656,25052800
2020-12-16,70.72945404052734,42386700
2020-12-17,70.83494567871094,23911400
2020-12-18,70.8922119140625,26741200
2020-12-21,70.638671875,30308300
2020-12-22,70.72864532470703,21975100
2020-12-23,71.04761505126953,15913900
2020-12-24,71.19483947753906,7327300
2020-12-28,71.2847671508789,22575500
2020-12-29,71.19483947753906,22893000
2020-12-30,71.342041015625,21080100
2020-12-31,71.3993148803711,12059900
2021-01-04,71.25208282470703,34528300
2021-01-05,71.276611328125,33725500
2021-01-06,71.145751953125,37148100
2021-01-07,71.35018920898438,25868200
2021-01-08,71.45652770996094,27403600
2021-01-11,71.07212829589844,26608000
2021-01-12,71.16207122802734,41746100
2021-01-13,71.37474060058594,47710300
2021-01-14,71.3583984375,25484800
2021-01-15,71.24391174316406,48134800
2021-01-19,71.44837951660156,24270500
2021-01-20,71.57921600341797,24534700
2021-01-21,71.53832244873047,20451400
2021-01-22,71.3993148803711,26615900
2021-01-25,71.41565704345703,28718200
2021-01-26,71.30929565429688,39103500
2021-01-27,71.1048812866211,46378600
2021-01-28,71.31748962402344,38836200
2021-01-29,71.12939453125,46095900
2021-02-01,71.3575668334961,35620700
2021-02-02,71.52996826171875,29522300
2021-02-03,71.58744812011719,31911000
2021-02-04,71.73516845703125,21181100
2021-02-05,71.8418960571289,21653100
2021-02-08,72.05531311035156,16590100
2021-02-09,71.9239730834961,14404300
2021-02-10,71.90754699707031,20469400
2021-02-11,71.94039154052734,17047200
2021-02-12,72.05531311035156,17800100
2021-02-16,71.94039154052734,22264400
2021-02-17,71.91577911376953,20276700
2021-02-18,71.81726837158203,26366700
2021-02-19,71.82548522949219,28124800
2021-02-22,71.60385131835938,25455400
2021-02-23,71.77625274658203,29015900
2021-02-24,71.8501205444336,21791800
2021-02-25,71.16879272460938,59413400
2021-02-26,70.95535278320312,46615300
2021-03-01,71.75199127197266,48014200
2021-03-02,71.6448745727539,23988500
2021-03-03,71.41422271728516,30197000
2021-03-04,71.14236450195312,49020300
2021-03-05,71.35658264160156,46950100
2021-03-08,70.8375473022461,39868700
2021-03-09,70.93641662597656,31441100
2021-03-10,71.15882110595703,23776600
2021-03-11,71.42245483398438,27728500
2021-03-12,71.2247543334961,21842000
2021-03-15,71.23299407958984,14719400
2021-03-16,71.06822204589844,22931400
2021-03-17,71.16706848144531,28345800
2021-03-18,70.62336730957031,37150300
2021-03-19,70.8952407836914,47467800
2021-03-22,71.1506118774414,32979500
2021-03-23,71.2247543334961,24705800
2021-03-24,71.26594543457031,31374500
2021-03-25,71.38951873779297,24070300
2021-03-26,71.60370635986328,25948000
2021-03-29,71.6448745727539,17447500
2021-03-30,71.47189331054688,19622100
2021-03-31,71.81787872314453,41604700
2021-04-01,71.96994018554688,30806600
2021-04-05,72.00303649902344,20758300
2021-04-06,72.12702941894531,15367900
2021-04-07,72.10222625732422,15645400
2021-04-08,72.12702941894531,11052100
2021-04-09,72.07740020751953,17413100
2021-04-12,72.00303649902344,15464500
2021-04-13,72.05261993408203,20643500
2021-04-14,72.0195541381836,17992800
2021-04-15,72.3088607788086,20944400
2021-04-16,72.16007995605469,32509300
2021-04-19,72.04434967041016,23904900
2021-04-20,71.92034149169922,22901000
2021-04-21,72.16007995605469,19527000
2021-04-22,72.02783203125,18506500
2021-04-23,72.21795654296875,14388700
2021-04-26,72.18486785888672,12746100
2021-04-27,72.08570098876953,17660600
2021-04-28,72.22618865966797,14795000
2021-04-29,72.3088607788086,17152900
2021-04-30,72.27581024169922,23367500
2021-05-03,72.3039779663086,15782400
2021-05-04,72.26251220703125,23089700
2021-05-05,72.40353393554688,13676300
2021-05-06,72.37863159179688,23110100
2021-05-07,72.42840576171875,17872700
2021-05-10,72.26251220703125,16580800
2021-05-11,72.18789672851562,28683600
2021-05-12,71.83955383300781,31630100
2021-05-13,72.09663391113281,28689600
2021-05-14,72.32887268066406,22550800
2021-05-17,72.19619750976562,13545000
2021-05-18,72.02201080322266,16447500
2021-05-19,71.83124542236328,34701000
2021-05-20,72.13812255859375,28013700
2021-05-21,72.2459487915039,36466200
2021-05-24,72.32887268066406,24277800
2021-05-25,72.33716583251953,15466600
2021-05-26,72.36204528808594,14354900
2021-05-27,72.32887268066406,12682100
2021-05-28,72.3039779663086,15464100
2021-06-01,72.52119445800781,22655300
2021-06-02,72.61272430419922,13698300
2021-06-03,72.46292114257812,16701800
2021-06-04,72.62104797363281,26829200
2021-06-07,72.64600372314453,9189800
2021-06-08,72.69593811035156,10983900
2021-06-09,72.75418853759766,13232200
2021-06-10,72.8873062133789,15290000
2021-06-11,72.91228485107422,12559600
2021-06-14,72.84571075439453,19408600
2021-06-15,72.83739471435547,16037000
2021-06-16,72.73751068115234,21267200
2021-06-17,72.78744506835938,21099000
2021-06-18,72.75418853759766,35134500
2021-06-21,72.89566040039062,21265000
2021-06-22,72.945556640625,14604400
2021-06-23,72.87067413330078,16583100
2021-06-24,73.09532928466797,12722300
2021-06-25,73.17024993896484,16175000
2021-06-28,73.16191101074219,16019300
2021-06-29,73.25348663330078,12728000
2021-06-30,73.26181030273438,26093500
2021-07-01,73.40538787841797,31932400
2021-07-02,73.52227783203125,11464800
2021-07-06,73.48055267333984,17784300
2021-07-07,73.50559997558594,11463700
2021-07-08,73.3469467163086,21936400
2021-07-09,73.47216796875,17698100
2021-07-12,73.44715881347656,17546700
2021-07-13,73.23007202148438,26938600
2021-07-14,73.3469467163086,16100200
2021-07-15,73.29685974121094,16384800
2021-07-16,73.19667053222656,17820400
2021-07-19,72.70407104492188,54224700
2021-07-20,73.07141876220703,26941300
2021-07-21,73.24678802490234,18522600
2021-07-22,73.28849792480469,17110500
2021-07-23,73.43042755126953,19441000
2021-07-26,73.32190704345703,15282700
2021-07-27,73.22171783447266,19919000
2021-07-28,73.2801513671875,15129200
2021-07-29,73.43878936767578,18675000
2021-07-30,73.33858489990234,21062100
2021-08-02,73.15684509277344,27274400
2021-08-03,73.2406005859375,16058700
2021-08-04,73.10659790039062,17113300
2021-08-05,73.27410125732422,15465700
2021-08-06,73.19035339355469,12923200
2021-08-09,73.02281188964844,10788700
2021-08-10,72.85530853271484,31522900
2021-08-11,72.97256469726562,15834400
2021-08-12,73.09820556640625,14127800
2021-08-13,73.25736999511719,10016800
2021-08-16,73.28245544433594,12598100
2021-08-17,73.11495208740234,18468400
2021-08-18,72.94743347167969,12147600
2021-08-19,72.93905639648438,20026700
2021-08-20,73.11495208740234,16784100
2021-08-23,73.34112548828125,21933100
2021-08-24,73.44163513183594,20828100
2021-08-25,73.51700592041016,19085400
2021-08-26,73.47515106201172,17676100
2021-08-27,73.67616271972656,18519700
2021-08-30,73.76829528808594,11640000
2021-08-31,73.78502655029297,19163900
2021-09-01,73.84805297851562,22973500
2021-09-02,73.94047546386719,16521300
2021-09-03,73.94889068603516,6491000
2021-09-07,73.75563049316406,11728800
2021-09-08,73.83965301513672,13020900
2021-09-09,73.90687561035156,23024700
2021-09-10,73.79763793945312,16112600
2021-09-13,73.9825210571289,17136900
2021-09-14,73.94889068603516,20108000
2021-09-15,74.05813598632812,17069500
2021-09-16,74.03292083740234,13859700
2021-09-17,73.94047546386719,38948500
2021-09-20,73.68002319335938,49641000
2021-09-21,73.80603790283203,27304200
2021-09-22,73.94047546386719,24344800
2021-09-23,73.97410583496094,27590300
2021-09-24,73.86487579345703,21713200
2021-09-27,73.79763793945312,17652900
2021-09-28,73.46157836914062,35515900
2021-09-29,73.59600067138672,19783400
2021-09-30,73.51195526123047,41680700
2021-10-01,73.68816375732422,30062800
2021-10-04,73.42682647705078,24726400
2021-10-05,73.39310455322266,22347700
2021-10-06,73.35092163085938,28905900
2021-10-07,73.35936737060547,29054000
2021-10-08,73.14021301269531,28064300
2021-10-11,72.9125747680664,16068400
2021-10-12,73.04747772216797,32922200
2021-10-13,73.2413558959961,29370400
2021-10-14,73.65445709228516,26937000
2021-10-15,73.52799224853516,29782900
2021-10-18,73.49425506591797,20338400
2021-10-19,73.54483032226562,26103300
2021-10-20,73.57012939453125,19720100
2021-10-21,73.38468933105469,19273600
2021-10-22,73.2076187133789,20734400
2021-10-25,73.33409881591797,20230000
2021-10-26,73.35092163085938,19617200
2021-10-27,73.29193115234375,18521300
2021-10-28,73.4774169921875,16374700
2021-10-29,73.28352355957031,26521600
2021-11-01,73.20484924316406,29987000
2021-11-02,73.3824462890625,26441600
2021-11-03,73.52622985839844,22984200
2021-11-04,73.7207260131836,28989800
2021-11-05,73.9998550415039,27595000
2021-11-08,73.90679931640625,11957900
2021-11-09,73.96600341796875,13732600
2021-11-10,73.5516128540039,30438400
2021-11-11,73.42475891113281,10086100
2021-11-12,73.45012664794922,26392400
2021-11-15,73.36556243896484,17057100
2021-11-16,73.3993911743164,14302000
2021-11-17,73.3232650756836,17919200
2021-11-18,73.26405334472656,23421300
2021-11-19,73.20484924316406,45282700
2021-11-22,72.92578887939453,26266000
2021-11-23,72.82428741455078,33967100
2021-11-24,72.807373046875,31158800
2021-11-26,72.28303527832031,36123400
2021-11-29,72.73127746582031,31728900
2021-11-30,72.42679595947266,35465700
2021-12-01,72.43701934814453,41845200
2021-12-02,72.9715576171875,42383500
2021-12-03,72.9715576171875,47368800
2021-12-06,73.2939682006836,28211300
2021-12-07,73.68427276611328,42893500
2021-12-08,73.66732788085938,26598200
2021-12-09,73.33641815185547,24939100
2021-12-10,73.50609588623047,20247200
2021-12-13,73.50609588623047,17125800
2021-12-14,73.37882995605469,20310500
2021-12-15,73.65882873535156,31699000
2021-12-16,73.60433197021484,27374000
2021-12-17,73.53623962402344,27248200
2021-12-20,73.40853118896484,27560400
2021-12-21,73.80015563964844,24390500
2021-12-22,73.9959716796875,17433300
2021-12-23,74.20886993408203,15612100
2021-12-27,74.28547668457031,13396700
2021-12-28,74.25143432617188,17150700
2021-12-29,74.13218688964844,16760300
2021-12-30,74.0981674194336,12326100
2021-12-31,74.08112335205078,11505300
2022-01-03,74.04708862304688,35368400
2022-01-04,73.85977935791016,33609900
2022-01-05,73.28931427001953,44808500
2022-01-06,73.29784393310547,42823200
2022-01-07,73.11053466796875,34630100
2022-01-10,73.17013549804688,52621800
2022-01-11,73.51069641113281,32513100
2022-01-12,73.62989044189453,24621400
2022-01-13,73.36595916748047,31699700
2022-01-14,73.29784393310547,31046200
2022-01-18,72.94025421142578,46331500
2022-01-19,72.87212371826172,31390200
2022-01-20,72.73591613769531,38217700
2022-01-21,72.74443817138672,57098000
2022-01-24,72.66779327392578,79230800
2022-01-25,72.45494079589844,43642700
2022-01-26,72.2080307006836,63574900
2022-01-27,71.89302062988281,47351000
2022-01-28,72.09733581542969,51496700
2022-01-31,72.11437225341797,78932100
2022-02-01,72.40062713623047,42377300
2022-02-02,72.51170349121094,29261500
2022-02-03,71.86227416992188,44760800
2022-02-04,71.58031463623047,65508300
2022-02-07,71.52906036376953,37620700
2022-02-08,71.4521713256836,39549000
2022-02-09,71.82811737060547,37641800
2022-02-10,70.879638671875,57751400
2022-02-11,70.63182830810547,58997100
2022-02-14,70.5122299194336,36550200
2022-02-15,70.63182830810547,32724800
2022-02-16,71.02490997314453,38996000
2022-02-17,70.725830078125,30755200
2022-02-18,70.82836151123047,43848800
2022-02-22,70.6659927368164,37004300
2022-02-23,70.53785705566406,36545400
2022-02-24,71.04199981689453,56132500
2022-02-25,71.443603515625,44118800
2022-02-28,71.494873046875,54006400
2022-03-01,71.29507446289062,43268500
2022-03-02,71.46656799316406,41489200
2022-03-03,71.25215911865234,23594200
2022-03-04,70.78904724121094,32141100
2022-03-07,70.17158508300781,43675900
2022-03-08,69.92283630371094,57474500
2022-03-09,70.50602722167969,31143000
2022-03-10,69.91424560546875,46408900
2022-03-11,69.40826416015625,40097000
2022-03-14,68.58493041992188,61536700
2022-03-15,69.09950256347656,57385300
2022-03-16,70.06863403320312,66254800
2022-03-17,70.54891967773438,48573700
2022-03-18,70.78045654296875,59780500
2022-03-21,69.96570587158203,62364300
2022-03-22,70.325927734375,40148600
2022-03-23,70.1029281616211,36294900
2022-03-24,70.24872589111328,18435800
2022-03-25,69.74272918701172,36497500
2022-03-28,70.18013000488281,26886100
2022-03-29,71.04632568359375,49781100
2022-03-30,70.83190155029297,43905200
2022-03-31,70.57462310791016,40717600
2022-04-01,70.56947326660156,31316100
2022-04-04,71.10336303710938,32710900
2022-04-05,70.18197631835938,51886400
2022-04-06,69.63084411621094,67118000
2022-04-07,69.51890563964844,42831400
2022-04-08,69.09693908691406,42177200
2022-04-11,68.62335205078125,42293400
2022-04-12,69.14862060546875,38031000
2022-04-13,69.56196594238281,31635500
2022-04-14,69.09693908691406,45130400
2022-04-18,68.9850082397461,20864100
2022-04-19,68.92474365234375,29920800
2022-04-20,69.1400146484375,25769700
2022-04-21,68.6664047241211,38695100
2022-04-22,68.25303649902344,28243000
2022-04-25,68.8299789428711,35914500
2022-04-26,68.42526245117188,31171600
2022-04-27,68.08942413330078,37598600
2022-04-28,68.46830749511719,30808800
2022-04-29,67.62440490722656,35697100
2022-05-02,67.62873840332031,38674400
2022-05-03,67.98316955566406,42665700
2022-05-04,68.67476654052734,55154900
2022-05-05,67.45584869384766,53807900
2022-05-06,67.0754623413086,39256900
2022-05-09,66.3665771484375,38442700
2022-05-10,66.74694061279297,48419700
2022-05-11,66.34929656982422,42473500
2022-05-12,66.32335662841797,49069700
2022-05-13,66.40116119384766,49084400
2022-05-16,66.30608367919922,33300100
2022-05-17,66.24555206298828,41666500
2022-05-18,65.700927734375,47647800
2022-05-19,66.1418228149414,53929100
2022-05-20,66.09857940673828,56691000
2022-05-23,66.35794067382812,29917100
2022-05-24,66.75559997558594,42246500
2022-05-25,67.76705932617188,56661500
2022-05-26,68.7093276977539,64773400
2022-05-27,69.3231201171875,52813100
2022-05-31,68.72663116455078,68424700
2022-06-01,68.47237396240234,87646100
2022-06-02,68.7587661743164,34752500
2022-06-03,68.24671936035156,36008000
2022-06-06,67.73470306396484,35756100
2022-06-07,67.89090728759766,31499900
2022-06-08,67.3094253540039,25361600
2022-06-09,66.77139282226562,49468700
2022-06-10,65.6345443725586,59907000
2022-06-13,63.43889617919922,122714600
2022-06-14,63.855445861816406,62818600
2022-06-15,65.09646606445312,70628200
2022-06-16,64.0637435913086,61583400
2022-06-17,64.26333618164062,49281000
2022-06-21,64.21995544433594,45924600
2022-06-22,64.20260620117188,38204800
2022-06-23,64.66255187988281,30961800
2022-06-24,65.12250518798828,38198600
2022-06-27,64.72329711914062,25658200
2022-06-28,64.01170349121094,39303800
2022-06-29,63.91621780395508,36806800
2022-06-30,63.88150405883789,45139900
2022-07-01,64.49083709716797,38849300
2022-07-05,64.42982482910156,38316200
2022-07-06,64.18572998046875,44706000
2022-07-07,65.23182678222656,44430400
2022-07-08,65.28412628173828,31230300
2022-07-11,64.9179916381836,28213700
2022-07-12,65.17951202392578,24036500
2022-07-13,65.1097640991211,46874900
2022-07-14,64.98773193359375,53953100
2022-07-15,65.81587982177734,48360800
2022-07-18,65.17951202392578,33302800
2022-07-19,66.04254150390625,31028200
2022-07-20,66.33019256591797,82881900
2022-07-21,67.11475372314453,52282000
2022-07-22,67.02757263183594,51055800
2022-07-25,67.01014709472656,26032000
2022-07-26,66.53941345214844,24151200
2022-07-27,67.27166748046875,35075700
2022-07-28,67.96031951904297,42335900
2022-07-29,68.16082000732422,33606800
2022-08-01,68.18183898925781,31595600
2022-08-02,67.86677551269531,40604400
2022-08-03,68.46188354492188,35660900
2022-08-04,68.64566802978516,24386400
2022-08-05,68.29561614990234,31006700
2022-08-08,68.35687255859375,19465600
2022-08-09,67.84927368164062,24675700
2022-08-10,68.86444091796875,38121800
2022-08-11,68.47064208984375,37778700
2022-08-12,69.08323669433594,16912300
2022-08-15,68.9607162475586,18441100
2022-08-16,68.63690948486328,22963200
2022-08-17,67.92805480957031,28774600
2022-08-18,68.03306579589844,19089300
2022-08-19,67.34170532226562,45428900
2022-08-22,66.58032989501953,42014200
2022-08-23,66.74661254882812,33240000
2022-08-24,66.82537841796875,16917400
2022-08-25,67.45549011230469,20080000
2022-08-26,66.34402465820312,34460600
2022-08-29,66.09026336669922,28020200
2022-08-30,65.58267974853516,66233900
2022-08-31,65.223876953125,39161800
2022-09-01,65.39624786376953,38499700
2022-09-02,65.35226440429688,22364500
2022-09-06,65.17637634277344,28820900
2022-09-07,66.1174087524414,26853200
2022-09-08,66.40764617919922,26928000
2022-09-09,66.67146301269531,29526800
2022-09-12,66.87373352050781,30276100
2022-09-13,65.35226440429688,47111300
2022-09-14,65.44904327392578,29672400
2022-09-15,65.03568267822266,46282300
2022-09-16,65.25553894042969,56479900
2022-09-19,65.50179290771484,26891900
2022-09-20,64.83341979980469,32769500
2022-09-21,64.63990783691406,37851300
2022-09-22,64.25296020507812,48278100
2022-09-23,63.435081481933594,53312000
2022-09-26,62.687522888183594,42287400
2022-09-27,62.55561447143555,45295500
2022-09-28,63.672523498535156,48935800
2022-09-29,63.07448196411133,38068800
2022-09-30,62.78428268432617,42928700
2022-10-03,63.607086181640625,48967900
2022-10-04,64.97698974609375,45901300
2022-10-05,64.72067260742188,47833500
2022-10-06,64.52622985839844,37196000
2022-10-07,63.739662170410156,33983000
2022-10-10,62.96190643310547,37759700
2022-10-11,63.1563720703125,46344600
2022-10-12,63.26240539550781,32784800
2022-10-13,63.40383529663086,48832500
2022-10-14,63.20054626464844,37152100
2022-10-17,63.9782829284668,33820000
2022-10-18,64.42902374267578,37648400
2022-10-19,63.81034851074219,33194000
2022-10-20,63.456844329833984,47281100
2022-10-21,64.06666564941406,60211200
2022-10-24,64.11084747314453,29551200
2022-10-25,64.72953033447266,37459200
2022-10-26,64.90629577636719,50552100
2022-10-27,65.3835220336914,49481500
2022-10-28,65.8873062133789,123446800
2022-10-31,64.89744567871094,60269700
2022-11-01,65.28780364990234,39586700
2022-11-02,64.69337463378906,50659500
2022-11-03,64.23204803466797,37507100
2022-11-04,64.67564392089844,39849100
2022-11-07,64.6667709350586,24913000
2022-11-08,64.60467529296875,39489200
2022-11-09,63.83281326293945,45728900
2022-11-10,65.8200912475586,67165700
2022-11-11,66.05078887939453,20934800
2022-11-14,65.56282043457031,37932800
2022-11-15,66.13949584960938,50673700
2022-11-16,65.9975357055664,31124900
2022-11-17,65.7136459350586,34338000
2022-11-18,65.85559844970703,31663800
2022-11-21,65.82897186279297,19070500
2022-11-22,66.30806732177734,24572500
2022-11-23,66.6806869506836,30316300
2022-11-25,66.54759216308594,9465900
2022-11-28,65.84671783447266,31668900
2022-11-29,66.1306381225586,27162300
2022-11-30,67.12425994873047,41702100
2022-12-01,67.37284088134766,42134200
2022-12-02,67.31939697265625,27535800
2022-12-05,66.67789459228516,29736500
2022-12-06,66.43733215332031,24976800
2022-12-07,66.8026351928711,24614200
2022-12-08,66.85611724853516,23839500
2022-12-09,66.85611724853516,20687300
2022-12-12,67.11447143554688,22415700
2022-12-13,67.80941009521484,45923300
2022-12-14,67.42630004882812,57177300
2022-12-15,67.17195892333984,41666500
2022-12-16,66.81370544433594,38197100
2022-12-19,66.4733657836914,24135100
2022-12-20,66.30318450927734,32917800
2022-12-21,66.86741638183594,23211500
2022-12-22,66.45542907714844,26893700
2022-12-23,66.62561798095703,13196500
2022-12-27,65.93598175048828,22108000
2022-12-28,65.0492935180664,41064800
2022-12-29,65.89120483398438,33378900
2022-12-30,65.94493865966797,15170300
2023-01-03,66.07032775878906,28787700
2023-01-04,66.83161163330078,37120100
2023-01-05,66.69727325439453,35142000
2023-01-06,67.6466064453125,60041200
2023-01-09,67.888427734375,35806900
2023-01-10,67.8078384399414,35695500
2023-01-11,68.25564575195312,31826700
2023-01-12,68.64075469970703,29404900
2023-01-13,68.64075469970703,26301500
2023-01-17,68.40790557861328,30961200
2023-01-18,68.4885025024414,52989700
2023-01-19,68.08548736572266,50070900
2023-01-20,68.2198257446289,36625400
2023-01-23,68.21085357666016,26764800
2023-01-24,68.25564575195312,27774500
2023-01-25,68.24669647216797,25857700
2023-01-26,68.41682434082031,25512400
2023-01-27,68.21085357666016,35813400
2023-01-30,67.83470916748047,32002000
2023-01-31,68.36311340332031,41006600
2023-02-01,69.08130645751953,46900900
2023-02-02,69.47727966308594,56399900
2023-02-03,68.748291015625,39682300
2023-02-06,68.30731964111328,40944200
2023-02-07,68.5503158569336,37101300
2023-02-08,68.26233673095703,34066600
2023-02-09,67.82133483886719,42581900
2023-02-10,67.29936981201172,65905000
2023-02-13,67.47036743164062,38741300
2023-02-14,67.48835754394531,54193600
2023-02-15,67.38036346435547,44897600
2023-02-16,66.84038543701172,89945400
2023-02-17,67.10138702392578,75910300
2023-02-21,66.06642150878906,98782400
2023-02-22,66.49839782714844,70093300
2023-02-23,67.15536499023438,47908100
2023-02-24,66.75038146972656,47576500
2023-02-27,67.20036315917969,40292000
2023-02-28,67.0743637084961,32999000
2023-03-01,66.88423919677734,45341400
2023-03-02,66.9657211303711,37886100
2023-03-03,67.65383911132812,50123300
2023-03-06,67.65383911132812,33430800
2023-03-07,67.17398071289062,40222100
2023-03-08,66.85707092285156,54303900
2023-03-09,66.48583221435547,52669500
2023-03-10,66.49488830566406,81516000
2023-03-13,66.13272857666016,78478100
2023-03-14,66.61260223388672,66395600
2023-03-15,66.39530181884766,81454700
2023-03-16,66.82990264892578,63386700
2023-03-17,66.43151092529297,55132200
2023-03-20,66.25043487548828,38540800
2023-03-21,66.97476959228516,38203400
2023-03-22,67.03814697265625,55263500
2023-03-23,66.77557373046875,54660900
2023-03-24,66.63977813720703,44225600
2023-03-27,66.47679138183594,30905100
2023-03-28,66.44055938720703,38277200
2023-03-29,67.2735824584961,44457300
2023-03-30,67.67195129394531,37130200
2023-03-31,68.4053726196289,54218900
2023-04-03,68.35260772705078,43302900
2023-04-04,68.1524887084961,46144300
2023-04-05,67.7705078125,37633900
2023-04-06,68.07064056396484,35719600
2023-04-10,68.00697326660156,29083900
2023-04-11,68.1524887084961,28875100
2023-04-12,68.13430786132812,41457600
2023-04-13,68.59817504882812,95864000
2023-04-14,68.4708480834961,43767600
2023-04-17,68.28893280029297,26391100
2023-04-18,68.33441162109375,28030700
2023-04-19,68.06156158447266,26979400
2023-04-20,67.99786376953125,30203900
2023-04-21,68.20707702636719,33061800
2023-04-24,68.39807891845703,24661600
2023-04-25,68.28893280029297,34575300
2023-04-26,68.02517700195312,33762700
2023-04-27,68.25255584716797,39687600
2023-04-28,68.54359436035156,33821100
2023-05-01,68.22936248779297,37748300
2023-05-02,68.16542053222656,39045300
2023-05-03,68.12887573242188,33178300
2023-05-04,67.92790985107422,45207600
2023-05-05,68.29329681396484,31591500
2023-05-08,68.10148620605469,18367400
2023-05-09,67.92790985107422,21732900
2023-05-10,68.33900451660156,35392700
2023-05-11,68.22936248779297,25265500
2023-05-12,67.98272705078125,27553200
2023-05-15,67.96446228027344,19764500
2023-05-16,67.48942565917969,40998700
2023-05-17,67.67213439941406,38534100
2023-05-18,67.70867156982422,29129200
2023-05-19,67.78174591064453,36044600
2023-05-22,68.08320617675781,34897700
2023-05-23,67.7269287109375,32415500
2023-05-24,67.25192260742188,38083200
2023-05-25,67.20623779296875,21457900
2023-05-26,67.6173095703125,23547600
2023-05-30,67.90963745117188,27482600
2023-05-31,67.69952392578125,43393600
2023-06-01,68.10616302490234,42425700
2023-06-02,68.45494842529297,49950900
2023-06-05,68.39986419677734,24080200
2023-06-06,68.51001739501953,23006600
2023-06-07,68.1336898803711,32340900
2023-06-08,68.56507873535156,33987800
2023-06-09,68.58345794677734,27016700
2023-06-12,68.51001739501953,30629500
2023-06-13,68.59262084960938,39425900
2023-06-14,68.62017059326172,32864600
2023-06-15,68.95059967041016,42412300
2023-06-16,68.77621459960938,47560800
2023-06-20,68.59262084960938,31930500
2023-06-21,68.4182357788086,39751900
2023-06-22,68.21629333496094,31504700
2023-06-23,68.09698486328125,33811100
2023-06-26,68.1336898803711,36111900
2023-06-27,68.36316680908203,31707600
2023-06-28,68.75784301757812,35679600
2023-06-29,68.57426452636719,41712000
2023-06-30,68.90469360351562,35841100
2023-07-03,68.79673767089844,13046500
2023-07-05,68.58448028564453,37947100
2023-07-06,68.08617401123047,52251100
2023-07-07,68.15074920654297,42269100
2023-07-10,68.4922103881836,45752200
2023-07-11,68.86134338378906,32000700
2023-07-12,69.39657592773438,42820700
2023-07-13,69.81185150146484,33954200
2023-07-14,69.30428314208984,36081800
2023-07-17,69.43347930908203,28836600
2023-07-18,69.62726593017578,25991800
2023-07-19,69.68265533447266,26794800
2023-07-20,69.37812805175781,27028500
2023-07-21,69.5534439086914,37447800
2023-07-24,69.43347930908203,20925500
2023-07-25,69.38733673095703,30067600
2023-07-26,69.66417694091797,33068400
2023-07-27,69.11048126220703,48675800
2023-07-28,69.50730895996094,27588400
2023-07-31,69.67340850830078,30744800
2023-08-01,69.32848358154297,34529700
2023-08-02,69.03178405761719,37500500
2023-08-03,68.80925750732422,30348000
2023-08-04,69.21722412109375,37411900
2023-08-07,69.34703826904297,19412600
2023-08-08,69.49539947509766,32545600
2023-08-09,69.50466918945312,27569200
2023-08-10,69.48612213134766,43697200
2023-08-11,69.38412475585938,23329000
2023-08-14,69.3748550415039,28545100
2023-08-15,69.15232849121094,32968600
2023-08-16,68.93904113769531,31759400
2023-08-17,68.651611328125,38546600
2023-08-18,68.69796752929688,44128300
2023-08-21,68.679443359375,30768700
2023-08-22,68.71653747558594,18135400
2023-08-23,69.27285766601562,33378000
2023-08-24,68.8927001953125,34336100
2023-08-25,69.18013763427734,31149300
2023-08-28,69.43975067138672,21461600
2023-08-29,69.87555694580078,42178200
2023-08-30,69.84774780273438,29458200
2023-08-31,69.80138397216797,30824500
2023-09-01,69.9327163696289,33212500
2023-09-05,69.47625732421875,29500600
2023-09-06,69.30855560302734,30797500
2023-09-07,69.54146575927734,28757400
2023-09-08,69.5135269165039,26389100
2023-09-11,69.6346206665039,29159400
2023-09-12,69.52283477783203,21668500
2023-09-13,69.70915985107422,27498900
2023-09-14,69.79299926757812,29575900
2023-09-15,69.53215026855469,41636900
2023-09-18,69.5787353515625,19549700
2023-09-19,69.36447143554688,33937200
2023-09-20,69.30855560302734,26715100
2023-09-21,68.8148422241211,43327300
2023-09-22,68.9359359741211,36657300
2023-09-25,68.84278869628906,30197500
2023-09-26,68.5447006225586,39193000
2023-09-27,68.45154571533203,45532200
2023-09-28,68.777587890625,45776600
2023-09-29,68.67510986328125,51697300
2023-10-02,68.25838470458984,69255900
2023-10-03,67.56541442871094,77754200
2023-10-04,67.91190338134766,138971500
2023-10-05,67.9774398803711,56138500
2023-10-06,68.07109069824219,52741500
2023-10-09,68.57678985595703,27277200
2023-10-10,68.55805206298828,50761600
2023-10-11,68.54867553710938,53330500
2023-10-12,68.1834716796875,60368000
2023-10-13,68.12728881835938,54191200
2023-10-16,68.10855102539062,39352900
2023-10-17,67.79014587402344,50948700
2023-10-18,67.46240234375,58306500
2023-10-19,67.21892547607422,70971900
2023-10-20,67.359375,64845500
2023-10-23,67.6309585571289,47508700
2023-10-24,67.9774398803711,46427900
2023-10-25,67.61221313476562,42518300
2023-10-26,67.84632873535156,45233400
2023-10-27,67.76206970214844,35621800
2023-10-30,67.78079223632812,29094000
2023-10-31,67.9587173461914,42185900
2023-11-01,68.6064682006836,59313100
2023-11-02,69.37847137451172,68930600
2023-11-03,70.05635833740234,88763600
2023-11-06,69.77391815185547,93899100
2023-11-07,69.7833251953125,50458200
2023-11-08,69.82099151611328,41143500
2023-11-09,69.38790130615234,62856100
2023-11-10,69.72683715820312,35563300
2023-11-13,69.6609115600586,37530100
2023-11-14,70.3670425415039,68210800
2023-11-15,70.1410903930664,44022800
2023-11-16,70.23524475097656,52928200
2023-11-17,70.39529418945312,44272100
2023-11-20,70.4706039428711,30846200
2023-11-21,70.56475067138672,29493900
2023-11-22,70.68714904785156,40866800
2023-11-24,70.61183166503906,8536200
2023-11-27,70.71540832519531,31007400
2023-11-28,71.0261001586914,44031100
2023-11-29,71.41210174560547,48815500
2023-11-30,71.2802963256836,55047100
2023-12-01,71.87047576904297,60313100
2023-12-04,71.6907730102539,33105700
2023-12-05,71.7569808959961,32466500
2023-12-06,71.76643371582031,21297200
2023-12-07,71.88938903808594,27779300
2023-12-08,71.74750518798828,30044200
2023-12-11,71.70022583007812,30141700
2023-12-12,71.86101531982422,29203400
2023-12-13,72.9581298828125,64201300
2023-12-14,73.28032684326172,67220400
2023-12-15,73.11874389648438,36336400
2023-12-18,73.16629028320312,34793600
2023-12-19,73.3753662109375,25269400
2023-12-20,73.38487243652344,38376400
2023-12-21,73.71754455566406,22861400
2023-12-22,73.63199615478516,18048400
2023-12-26,73.77456665039062,12374700
2023-12-27,74.0787124633789,22835300
2023-12-28,73.84111022949219,22648100
2023-12-29,73.55596923828125,36993900
2024-01-02,73.308837890625,41547100
2024-01-03,73.10926055908203,39495500
2024-01-04,72.82412719726562,32856100
2024-01-05,72.88113403320312,31149500
2024-01-08,73.28985595703125,33479100
2024-01-09,73.40390014648438,25593500
2024-01-10,73.53697204589844,35702800
2024-01-11,73.77456665039062,35947100
2024-01-12,73.85060119628906,31155500
2024-01-16,73.38487243652344,43669900
2024-01-17,73.07122802734375,54160800
2024-01-18,73.22332000732422,34837600
2024-01-19,73.34687042236328,44355700
2024-01-22,73.40390014648438,36758900
2024-01-23,73.31834411621094,24561500
2024-01-24,73.28032684326172,27623300
2024-01-25,73.84111022949219,48268800
2024-01-26,73.78407287597656,26232800
2024-01-29,73.9456558227539,25924900
2024-01-30,73.85060119628906,32486600
2024-01-31,73.64151000976562,55548900
2024-02-01,74.06560516357422,48019300
2024-02-02,73.7313003540039,42727400
2024-02-05,73.3874282836914,51908600
2024-02-06,73.65489196777344,32948200
2024-02-07,73.77906036376953,42954100
2024-02-08,73.7408447265625,25548400
2024-02-09,73.8936767578125,33951400
2024-02-12,73.7313003540039,36249100
2024-02-13,73.13907623291016,69904200
2024-02-14,73.42562866210938,38603100
2024-02-15,73.68353271484375,44319900
2024-02-16,73.46385192871094,50322900
2024-02-20,73.6166763305664,31994100
2024-02-21,73.4829330444336,38724700
2024-02-22,73.83637237548828,45450200
2024-02-23,73.88412475585938,24686900
2024-02-26,73.64532470703125,32795300
2024-02-27,73.7408447265625,30926600
2024-02-28,73.7313003540039,24667600
2024-02-29,73.86502075195312,43322400
2024-03-01,74.14168548583984,39342900
2024-03-04,74.12246704101562,21607300
2024-03-05,74.06483459472656,38076900
2024-03-06,74.24735260009766,34335200
2024-03-07,74.33380889892578,30393000
2024-03-08,74.35302734375,38285500
2024-03-11,74.34341430664062,27177600
2024-03-12,74.41065979003906,33351700
2024-03-13,74.4394760131836,28482200
2024-03-14,74.08404541015625,46677200
2024-03-15,74.03601837158203,53955300
2024-03-18,74.20893096923828,34649300
2024-03-19,74.50672912597656,41841500
2024-03-20,74.75650024414062,36886700
2024-03-21,74.71805572509766,34693300
2024-03-22,74.64122009277344,26911400
2024-03-25,74.52593994140625,29373100
2024-03-26,74.4394760131836,28522200
2024-03-27,74.83334350585938,28891100
2024-03-28,74.67002868652344,31546700
2024-04-01,74.36589050292969,47857400
2024-04-02,74.24037170410156,45551200
2024-04-03,74.29830932617188,29542300
2024-04-04,74.24037170410156,36056400
2024-04-05,74.17278289794922,30847300
2024-04-08,74.34658813476562,31067800
2024-04-09,74.50106048583984,32219100
2024-04-10,73.84449768066406,76623900
2024-04-11,73.77690887451172,50836000
2024-04-12,73.73829650878906,41394700
2024-04-15,73.31344604492188,55560400
2024-04-16,73.07206726074219,55746100
2024-04-17,73.16861724853516,48158800
2024-04-18,73.22655487060547,40291400
2024-04-19,73.36172485351562,53196200
2024-04-22,73.76725769042969,40772500
2024-04-23,74.06657409667969,43554400
2024-04-24,73.90243530273438,40496500
2024-04-25,73.74794006347656,46371600
2024-04-26,73.97968292236328,34500800
2024-04-29,74.20174407958984,33157800
2024-04-30,73.66104888916016,49937500
2024-05-01,74.0492935180664,71484700
2024-05-02,74.5054931640625,41497900
2024-05-03,74.81609344482422,44204400
2024-05-06,74.90345764160156,29547100
2024-05-07,74.91315460205078,34064000
2024-05-08,74.73844909667969,22959500
2024-05-09,74.75785064697266,24590900
2024-05-10,74.64137268066406,24633800
2024-05-13,74.6219711303711,22109800
2024-05-14,74.73844909667969,27298700
2024-05-15,75.17522430419922,56544400
2024-05-16,75.0005111694336,31749800
2024-05-17,75.01022338867188,31550300
2024-05-20,75.0490493774414,18665000
2024-05-21,74.99080657958984,20295900
2024-05-22,74.82579040527344,31110700
2024-05-23,74.56372833251953,36464700
2024-05-24,74.82579040527344,20486000
2024-05-28,74.52490997314453,27771700
2024-05-29,74.30166625976562,38800000
2024-05-30,74.60255432128906,44210200
2024-05-31,74.86461639404297,45381900
2024-06-03,75.09671020507812,36791300
2024-06-04,75.05770111083984,39230600
2024-06-05,75.30149841308594,29793700
2024-06-06,75.17472076416016,24398300
2024-06-07,74.97969055175781,32498800
2024-06-10,75.04794311523438,24895800
2024-06-11,75.14546966552734,25339600
2024-06-12,75.4477767944336,51775700
2024-06-13,75.43801879882812,38532000
2024-06-14,75.14546966552734,52953300
2024-06-17,75.1942367553711,33165000
2024-06-18,75.42826080322266,46845500
2024-06-20,75.37950897216797,26989000
2024-06-21,75.4672622680664,29150500
2024-06-24,75.3892593383789,28766200
2024-06-25,75.48677825927734,27584300
2024-06-26,75.32100677490234,29282000
2024-06-27,75.40876770019531,29404500
2024-06-28,75.22348022460938,34952000
2024-07-01,75.20877838134766,31113100
2024-07-02,75.41464233398438,30418400
2024-07-03,75.67931365966797,22067300
2024-07-05,75.90479278564453,25941500
2024-07-08,75.88519287109375,26962000
2024-07-09,75.79695129394531,19108500
2024-07-10,75.9734115600586,25361900
2024-07-11,76.2479019165039,44932500
2024-07-12,76.44396209716797,31688100
2024-07-15,76.4537582397461,23235600
2024-07-16,76.74785614013672,41375400
2024-07-17,76.65962219238281,32750400
2024-07-18,76.5027847290039,42513000
2024-07-19,76.44396209716797,36125700
2024-07-22,76.72824096679688,32378800
2024-07-23,76.73805236816406,28826900
2024-07-24,76.49298095703125,37612800
2024-07-25,76.5027847290039,35409000
2024-07-26,76.74785614013672,23683700
2024-07-29,76.67923736572266,28468400
2024-07-30,76.71845245361328,33652100
2024-07-31,76.99292755126953,50714800
2024-08-01,76.82442474365234,51319800
2024-08-02,76.56820678710938,71578700
2024-08-05,76.0951919555664,104456100
2024-08-06,76.3809814453125,60113400
2024-08-07,76.52879333496094,56107800
2024-08-08,76.84413146972656,31528100
2024-08-09,76.83428192138672,29759900
2024-08-12,76.883544921875,33878400
2024-08-13,77.23829650878906,37310200
2024-08-14,77.37625885009766,36086900
2024-08-15,77.44523620605469,39411300
2024-08-16,77.69159698486328,33682600
2024-08-19,77.81970977783203,29604300
2024-08-20,77.750732421875,33189300
2024-08-21,77.92810821533203,34266700
2024-08-22,77.8295669555664,29292100
2024-08-23,78.24344635009766,32590900
2024-08-26,78.08576965332031,20460100
2024-08-27,78.13505554199219,22784300
2024-08-28,78.09563446044922,22351600
2024-08-29,78.17446899414062,18353000
2024-08-30,78.18431091308594,27633300
2024-09-03,77.90706634521484,31596800
2024-09-04,78.19422912597656,32371800
2024-09-05,78.4615707397461,44675300
2024-09-06,78.362548828125,49888900
2024-09-09,78.55068969726562,24823800
2024-09-10,78.40216064453125,38347600
2024-09-11,78.52098846435547,42342700
2024-09-12,78.6299057006836,28515000
2024-09-13,78.84774017333984,31806800
2024-09-16,79.0457763671875,31402400
2024-09-17,79.0655746459961,27423900
2024-09-18,79.1348876953125,39546900
2024-09-19,79.3725357055664,48785900
2024-09-20,79.4715576171875,43626300
2024-09-23,79.32302856445312,29049400
2024-09-24,79.33292388916016,28674500
2024-09-25,79.24380493164062,28899100
2024-09-26,79.3725357055664,32732300
2024-09-27,79.57056427001953,36712700
2024-09-30,79.51115417480469,31551500
2024-10-01,79.47135925292969,45992200
2024-10-02,79.4813003540039,41214300
2024-10-03,79.2922592163086,31147700
2024-10-04,79.20269775390625,40122800
2024-10-07,78.8644027709961,69202500
2024-10-08,79.05345153808594,40947200
2024-10-09,79.00370025634766,42426500
2024-10-10,78.96389770507812,30091700
2024-10-11,79.1728515625,26970800
2024-10-14,79.21265411376953,12065800
2024-10-15,79.1927490234375,31134400
2024-10-16,79.3320541381836,31626300
2024-10-17,79.21265411376953,46599300
2024-10-18,79.4017105102539,28905600
2024-10-21,79.08330535888672,36341500
2024-10-22,78.9738540649414,35466600
2024-10-23,78.73504638671875,39761500
2024-10-24,78.96389770507812,30163900
2024-10-25,78.8843002319336,35590200
2024-10-28,79.08330535888672,31854500
2024-10-29,79.10320281982422,42992200
2024-10-30,78.96389770507812,28728700
2024-10-31,78.7449951171875,43194600
2024-11-01,78.75,44045700
2024-11-04,78.97000122070312,27291200
2024-11-05,79.19000244140625,31611900
2024-11-06,79.33000183105469,43173100
2024-11-07,79.66999816894531,51325800
2024-11-08,79.80000305175781,30543400
2024-11-11,79.70999908447266,11008700
2024-11-12,79.38999938964844,44594900
2024-11-13,79.41000366210938,33873600
2024-11-14,79.23999786376953,32749300
2024-11-15,79.2300033569336,33709500
2024-11-18,79.37999725341797,27834200
2024-11-19,79.5,34523200
2024-11-20,79.4800033569336,19934000
2024-11-21,79.51000213623047,28040000
2024-11-22,79.48999786376953,29564900
2024-11-25,79.79000091552734,35003000
2024-11-26,79.63999938964844,41103500
2024-11-27,79.87999725341797,30239600
2024-11-29,80.04000091552734,25037800
